image_url,street_number,street_name,street_type,apt_number,city,state,zipcode,price,bedrooms
"http://dev.virtualearth.net/REST/v1/Imagery/Map/Aerial/37.734270,-122.395859/17?mapSize=150112,&key=AmdvKO2hNoyLePakiVzRBZiGPKCxV6MtwWneohoPfmXclTaRTzvT6_Ict5-PBHO6",126,Bradford,St,,San Francisco,CA,94110,3795,2
"http://dev.virtualearth.net/REST/v1/Imagery/Map/Aerial/37.793530,-122.426320/17?mapSize=150112,&key=AmdvKO2hNoyLePakiVzRBZiGPKCxV6MtwWneohoPfmXclTaRTzvT6_Ict5-PBHO6",,Pierce,St,,San Francisco,CA,94117,6195,3
http://photos2.zillowstatic.com/p_g/ISt824x2lfwodf0000000000.jpg,21,Hoffman,Ave,,San Francisco,CA,94114,3150,3
http://photos3.zillowstatic.com/p_g/ISh3mav0bfq44m1000000000.jpg,855,San Jose,Ave,,San Francisco,CA,94110,3300,2
http://photos2.zillowstatic.com/p_g/IShn5n9ihxjiso1000000000.jpg,604,Webster,St,,San Francisco,CA,94117,7995,4
http://photos2.zillowstatic.com/p_g/IShzylxi5rf4gy0000000000.jpg,2880,Jackson,St,,San Francisco,CA,94115,7700,3
http://photos1.zillowstatic.com/p_g/IS1rpc8653s4t81000000000.jpg,290,Pennsylvania,Ave,APT 3,San Francisco,CA,94107,3500,1
http://photos1.zillowstatic.com/p_g/IS1b5uz5pzthe81000000000.jpg,2275,Sutter,St,APT 5,San Francisco,CA,94115,2150,Studio
http://photos3.zillowstatic.com/p_g/ISxfaqum11tkmv0000000000.jpg,868,Minnesota,St,UNIT 412,San Francisco,CA,94107,4500,1
http://photos3.zillowstatic.com/p_g/ISh327jdfpnl1z0000000000.jpg,1386,47th,Ave,,San Francisco,CA,94122,3200,2
http://photos1.zillowstatic.com/p_g/ISdk8ogbu39oxl0000000000.jpg,1425,Vallejo,St,,San Francisco,CA,94109,5200,2
http://photos3.zillowstatic.com/p_g/IShjmda04lqjs40000000000.jpg,1446,Washington,St,,San Francisco,CA,94109,3195,1
http://photos2.zillowstatic.com/p_g/ISd0p7f1rd70r90000000000.jpg,560,Scott,St,APT 103,San Francisco,CA,94117,2400,Studio
http://photos2.zillowstatic.com/p_g/IS5mcy90irp8vc1000000000.jpg,2217,Scott,St,,San Francisco,CA,94115,3550,1
http://photos3.zillowstatic.com/p_g/IShjmpbl6y5mpu1000000000.jpg,954,Rhode Island,St,,San Francisco,CA,94107,3850,1
http://photos1.zillowstatic.com/p_g/ISp98qp2htyk3o0000000000.jpg,930,Pine,St,APT 309,San Francisco,CA,94108,4000,1
"http://dev.virtualearth.net/REST/v1/Imagery/Map/Aerial/37.763219,-122.423085/17?mapSize=150112,&key=AmdvKO2hNoyLePakiVzRBZiGPKCxV6MtwWneohoPfmXclTaRTzvT6_Ict5-PBHO6",,Blair,Ter,,San Francisco,CA,94107,3995,1
http://photos1.zillowstatic.com/p_g/ISlepvvf9te9h50000000000.jpg,75,Magellan,Ave,,San Francisco,CA,94116,9500,4
"http://dev.virtualearth.net/REST/v1/Imagery/Map/Aerial/37.781386,-122.421406/17?mapSize=150112,&key=AmdvKO2hNoyLePakiVzRBZiGPKCxV6MtwWneohoPfmXclTaRTzvT6_Ict5-PBHO6",3055,Market,St,,San Francisco,CA,94114,4800,2
http://photos3.zillowstatic.com/p_g/IS9d0y7cj2aa6w0000000000.jpg,3354,Scott,St,,San Francisco,CA,94123,5600,3
http://photos3.zillowstatic.com/p_g/ISlmfxc5bn26nc0000000000.jpg,1310,Fillmore,St,,San Francisco,CA,94115,5000,2
http://photos2.zillowstatic.com/p_g/ISh3ucqkbgeq8b1000000000.jpg,2801,Folsom,St,,San Francisco,CA,94110,7000,6
http://photos3.zillowstatic.com/p_g/IS5qbowjme1lco1000000000.jpg,46,Service,St,,San Francisco,CA,94123,6000,2
http://photos3.zillowstatic.com/p_g/ISxfu5ofaub8qr0000000000.jpg,655,5th,St,# TOWNSEND,San Francisco,CA,94107,4300,1
"http://dev.virtualearth.net/REST/v1/Imagery/Map/Aerial/37.755451,-122.491610/17?mapSize=150112,&key=AmdvKO2hNoyLePakiVzRBZiGPKCxV6MtwWneohoPfmXclTaRTzvT6_Ict5-PBHO6",,Lansdale,Ave,,San Francisco,CA,94127,6250,4
http://photos2.zillowstatic.com/p_g/ISphi356cdfq7o1000000000.jpg,814,Mission,St FL 6,,San Francisco,CA,94103,5000,1
http://photos2.zillowstatic.com/p_g/IShj6d7159xtvg1000000000.jpg,500,Bryant,St,,San Francisco,CA,94107,3650,1
http://photos1.zillowstatic.com/p_g/ISpdbfihmijroo0000000000.jpg,1150,Sacramento,St,,San Francisco,CA,94108,6500,2
http://photos3.zillowstatic.com/p_g/ISxrzlpbtzzq0u1000000000.jpg,475,25th,Avenue,6,San Francisco,CA,94121,2450,1
http://photos1.zillowstatic.com/p_g/IS9lqfdr5udb4n1000000000.jpg,12,Washburn,St,,San Francisco,CA,94103,3000,1
http://photos2.zillowstatic.com/p_g/ISto6mam9xstyt1000000000.jpg,954,Geary,St,,San Francisco,CA,94109,1950,Studio
http://photos3.zillowstatic.com/p_g/IS56gad4p7wftb1000000000.jpg,3550,Market,St,APT 302,San Francisco,CA,94131,4995,2
http://photos3.zillowstatic.com/p_g/IS91jonkojcgi41000000000.jpg,650,Turk,St,UNIT 302,San Francisco,CA,94102,3290,1
"http://dev.virtualearth.net/REST/v1/Imagery/Map/Aerial/37.772040,-122.430700/17?mapSize=150112,&key=AmdvKO2hNoyLePakiVzRBZiGPKCxV6MtwWneohoPfmXclTaRTzvT6_Ict5-PBHO6",,43rd,Ave,,San Francisco,CA,94121,3000,2
http://photos1.zillowstatic.com/p_g/IS9xja615tj09f0000000000.jpg,285,Paris,St,,San Francisco,CA,94112,2750,2
http://photos3.zillowstatic.com/p_g/IS5uaimc7q3a1j0000000000.jpg,640,Davis,St,UNIT 35,San Francisco,CA,94111,7000,2
http://photos1.zillowstatic.com/p_g/ISdofkhkfw31xa1000000000.jpg,3842,24th,St,,San Francisco,CA,94114,5400,3
"http://dev.virtualearth.net/REST/v1/Imagery/Map/Aerial/37.742772,-122.482147/17?mapSize=150112,&key=AmdvKO2hNoyLePakiVzRBZiGPKCxV6MtwWneohoPfmXclTaRTzvT6_Ict5-PBHO6",,Robinhood,Dr,,San Francisco,CA,94127,11999,5
http://photos2.zillowstatic.com/p_g/IStcpcqq3jcuzj0000000000.jpg,810,Hyde,Street,# FL 6TH,San Francisco,CA,94109,2195,Studio
http://photos3.zillowstatic.com/p_g/ISts1ld1rgipb20000000000.jpg,2020,9th,Ave,,San Francisco,CA,94116,6790,3
http://photos3.zillowstatic.com/p_g/ISto27s2lty5hk0000000000.jpg,3040,25th,Ave,,San Francisco,CA,94132,4800,3
http://photos1.zillowstatic.com/p_g/ISd0l8lruigl1r0000000000.jpg,1086,Post,St,,San Francisco,CA,94109,2150,Studio
http://photos3.zillowstatic.com/p_g/IShb0v69irsnjb1000000000.jpg,592,39th,Ave,,San Francisco,CA,94121,2800,2
http://photos2.zillowstatic.com/p_g/IS5msm384mkj8f1000000000.jpg,2934,2,Ave,,San Francisco,CA,94132,3950,2
http://photos3.zillowstatic.com/p_g/ISl6rbfgj346701000000000.jpg,680,Capp,St,,San Francisco,CA,94110,3895,2
http://photos3.zillowstatic.com/p_g/ISxbnhhvapb6000000000000.jpg,1915,Bush,St,APT 7,San Francisco,CA,94115,3000,1
http://photos3.zillowstatic.com/p_g/IStgc9and0cvks0000000000.jpg,333,,St,UNIT N802,San Francisco,CA,94105,3795,1
http://photos2.zillowstatic.com/p_g/ISto6ivffw74c80000000000.jpg,564,Liberty,St,,San Francisco,CA,94114,10500,4
http://photos3.zillowstatic.com/p_g/IS5y9s4azloof41000000000.jpg,1960,Hayes,St,,San Francisco,CA,94117,4200,1
http://photos3.zillowstatic.com/p_g/IS956d95cos7741000000000.jpg,666,Post,St,APT 704,San Francisco,CA,94109,3950,1
http://photos2.zillowstatic.com/p_g/ISdw52f1q1pzy61000000000.jpg,2,Tamalpais,Ter,,San Francisco,CA,94118,1795,Studio
http://photos1.zillowstatic.com/p_g/ISd8zgnkiiy6tq1000000000.jpg,474,27th,Ave,APT 1,San Francisco,CA,94121,2595,1
http://photos2.zillowstatic.com/p_g/ISt4b4gr1qm58p0000000000.jpg,425,Oak Park,Dr,,San Francisco,CA,94131,4695,3
http://photos3.zillowstatic.com/p_g/IShfvp2ovatppx0000000000.jpg,876A,Lombard,St,,San Francisco,CA,94133,4500,2
http://photos2.zillowstatic.com/p_g/IStcdfwbmaye7d0000000000.jpg,1926,Lake,St,,San Francisco,CA,94121,9495,6
"http://dev.virtualearth.net/REST/v1/Imagery/Map/Aerial/37.725090,-122.437950/17?mapSize=150112,&key=AmdvKO2hNoyLePakiVzRBZiGPKCxV6MtwWneohoPfmXclTaRTzvT6_Ict5-PBHO6",88,Townsend,St,,San Francisco,CA,94107,7000,1
http://photos1.zillowstatic.com/p_g/IS17mo31r1awwl1000000000.jpg,303,Garces,Dr,,San Francisco,CA,94132,2820,1
http://photos1.zillowstatic.com/p_g/IS1n6z5bwfu5dk0000000000.jpg,400,Page,St,,San Francisco,CA,94102,2995,Studio
http://photos2.zillowstatic.com/p_g/ISpp4qbeoyow2m0000000000.jpg,848,N Point,St,,San Francisco,CA,94109,5400,2
http://photos3.zillowstatic.com/p_g/IShjefuyibmogr0000000000.jpg,209,Ashbury,St,,San Francisco,CA,94117,6000,2
http://photos3.zillowstatic.com/p_g/ISx3t8ok1bia4h1000000000.jpg,1850,Clay,St,,San Francisco,CA,94109,3795,1
http://photos1.zillowstatic.com/p_g/ISppo9s7oqhnfl0000000000.jpg,41-43,Vicksburg,St,,San Francisco,CA,94114,5300,3
http://photos1.zillowstatic.com/p_g/ISx7wx46g43fiv0000000000.jpg,735,22nd,Ave,,San Francisco,CA,94121,5995,4
http://photos3.zillowstatic.com/p_g/IS9xv7k3iflqoq0000000000.jpg,1340,Mason,St,,San Francisco,CA,94133,9500,3
"http://dev.virtualearth.net/REST/v1/Imagery/Map/Aerial/37.798340,-122.425620/17?mapSize=150112,&key=AmdvKO2hNoyLePakiVzRBZiGPKCxV6MtwWneohoPfmXclTaRTzvT6_Ict5-PBHO6",530,El Camino Del Mar,,,San Francisco,CA,94121,17500,7
http://photos1.zillowstatic.com/p_g/IS1b1z8lt7a4e80000000000.jpg,763,Bay,St,,San Francisco,CA,94109,9750,3
http://photos2.zillowstatic.com/p_g/ISphi356cdfq7o1000000000.jpg,2101,Bryant,St,APT 105,San Francisco,CA,94110,3800,1
"http://dev.virtualearth.net/REST/v1/Imagery/Map/Aerial/37.786620,-122.465770/17?mapSize=150112,&key=AmdvKO2hNoyLePakiVzRBZiGPKCxV6MtwWneohoPfmXclTaRTzvT6_Ict5-PBHO6",2828,Bryant,St,,San Francisco,CA,94110,6500,3
http://photos2.zillowstatic.com/p_g/ISp1ikx96wpsvk0000000000.jpg,107,San Jose,Ave,,San Francisco,CA,94110,5750,2
http://photos1.zillowstatic.com/p_g/IS1v00t3529koa1000000000.jpg,3065,Market,St,,San Francisco,CA,94114,4200,2
http://photos1.zillowstatic.com/p_g/ISx7oj0vuf6smx1000000000.jpg,1233,California,St,APT 310,San Francisco,CA,94109,3250,1
http://photos1.zillowstatic.com/p_g/ISxz5c401528q60000000000.jpg,88,Lyell,St,,San Francisco,CA,94112,3975,2
"http://dev.virtualearth.net/REST/v1/Imagery/Map/Aerial/37.746625,-122.458727/17?mapSize=150112,&key=AmdvKO2hNoyLePakiVzRBZiGPKCxV6MtwWneohoPfmXclTaRTzvT6_Ict5-PBHO6",,Noe,St,,San Francisco,CA,94114,5500,2
http://photos1.zillowstatic.com/p_g/ISd0lwnxv1b22z0000000000.jpg,2515,Fillmore,St,# 12,San Francisco,CA,94115,6495,3
http://photos2.zillowstatic.com/p_g/ISdglro4j47hpc0000000000.jpg,900,Bush,St,APT 421,San Francisco,CA,94109,4500,2
"http://dev.virtualearth.net/REST/v1/Imagery/Map/Aerial/37.798990,-122.405630/17?mapSize=150112,&key=AmdvKO2hNoyLePakiVzRBZiGPKCxV6MtwWneohoPfmXclTaRTzvT6_Ict5-PBHO6",234,Randall,St,,San Francisco,CA,94131,5900,3
http://photos1.zillowstatic.com/p_g/ISlqacg3kif6en0000000000.jpg,1266,Chestnut,St,,San Francisco,CA,94109,4700,1
http://photos2.zillowstatic.com/p_g/ISd0l030jshzs61000000000.jpg,246,2nd,St,,San Francisco,CA,94105,6500,2
http://photos2.zillowstatic.com/p_g/ISdwxfks2if9280000000000.jpg,631,Folsom,St,APT 11C,San Francisco,CA,94107,5300,2
http://photos2.zillowstatic.com/p_g/IS5qr0dlp5rwb10000000000.jpg,2,Genoa,Pl,APT 8,San Francisco,CA,94133,3700,2
http://photos3.zillowstatic.com/p_g/IS9hr9agcj38gh1000000000.jpg,3315,Anza,St,,San Francisco,CA,94121,5000,3
http://photos3.zillowstatic.com/p_g/ISh3mazn3w1p1k0000000000.jpg,3884,17th,St,,San Francisco,CA,94114,7200,2
http://photos2.zillowstatic.com/p_g/ISdciicd7kix6k0000000000.jpg,2300,Broadway,St,,San Francisco,CA,94115,25000,3
http://photos2.zillowstatic.com/p_g/IStomejc7ui4nt1000000000.jpg,1573,48th,Ave,APT 3,San Francisco,CA,94122,2950,2
http://photos2.zillowstatic.com/p_g/IS5i9523ttb1cj0000000000.jpg,4220,26th,St,,San Francisco,CA,94131,2900,1
http://photos1.zillowstatic.com/p_g/ISxbfzx9gveaqg0000000000.jpg,254-256,Brighton,Ave,,San Francisco,CA,94112,4500,3
http://photos3.zillowstatic.com/p_g/IStoi7zo07uc2r1000000000.jpg,579,Burnett,Ave,,San Francisco,CA,94131,4199,2
http://photos1.zillowstatic.com/p_g/IS91zsdk66t1qg1000000000.jpg,3317,Anza,St,,San Francisco,CA,94121,6000,4
http://photos3.zillowstatic.com/p_g/ISxfamfs8lef761000000000.jpg,47,Knollview,Way,,San Francisco,CA,94131,3995,2
http://photos1.zillowstatic.com/p_g/IS1z78778rnh3q0000000000.jpg,735-739,Wisconsin,St,,San Francisco,CA,94107,3250,1
http://photos3.zillowstatic.com/p_g/ISlq2yvz9hb7nl0000000000.jpg,2923,23rd,St,# 2,San Francisco,CA,94110,10675,5
http://photos2.zillowstatic.com/p_g/IShf304ag80lsl1000000000.jpg,908,Steiner,St,# B,San Francisco,CA,94117,2995,1
http://photos1.zillowstatic.com/p_g/IS1vk7491d83zz0000000000.jpg,40,Orben,Pl,,San Francisco,CA,94115,5500,2
http://photos3.zillowstatic.com/p_g/ISx7ozwyfjoqsd0000000000.jpg,53,Aquavista,Way,,San Francisco,CA,94131,4500,3
http://photos1.zillowstatic.com/p_g/ISxrfuy46i1t3b1000000000.jpg,2143,Pacific,Ave,,San Francisco,CA,94115,7500,3
http://photos2.zillowstatic.com/p_g/IS1rx6twlmtxof0000000000.jpg,37,Santa Paula,Ave,,San Francisco,CA,94127,10995,3
"http://dev.virtualearth.net/REST/v1/Imagery/Map/Aerial/37.772946,-122.423911/17?mapSize=150112,&key=AmdvKO2hNoyLePakiVzRBZiGPKCxV6MtwWneohoPfmXclTaRTzvT6_Ict5-PBHO6",,Market,St,,San Francisco,CA,94104,8250,2
http://photos3.zillowstatic.com/p_g/ISl2sdifk00p3f1000000000.jpg,530,Noe,St,,San Francisco,CA,94114,4900,1
"http://dev.virtualearth.net/REST/v1/Imagery/Map/Aerial/37.754990,-122.426130/17?mapSize=150112,&key=AmdvKO2hNoyLePakiVzRBZiGPKCxV6MtwWneohoPfmXclTaRTzvT6_Ict5-PBHO6",454,Central,Ave,,San Francisco,CA,94117,4600,2
http://photos3.zillowstatic.com/p_g/ISl2c9ktflfcxv1000000000.jpg,3675,Fillmore,St,APT 102,San Francisco,CA,94123,4550,1
http://photos2.zillowstatic.com/p_g/ISpp8ppvjr8tw50000000000.jpg,1818,Mason,St,,San Francisco,CA,94133,7900,3
http://photos3.zillowstatic.com/p_g/IStkv64x3v64f31000000000.jpg,1198,Jackson,St,,San Francisco,CA,94133,2400,Studio
http://photos1.zillowstatic.com/p_g/ISxbj6ipo0m3r70000000000.jpg,519,2,Ave,,San Francisco,CA,94121,7995,3
http://photos2.zillowstatic.com/p_g/IStshhxelygy3l0000000000.jpg,2595,Clay,St,APT 3,San Francisco,CA,94115,2800,Studio
http://photos2.zillowstatic.com/p_g/IS5qzqqflyqg0a1000000000.jpg,559,27th,St,APT 1,San Francisco,CA,94131,4300,2
http://photos2.zillowstatic.com/p_g/ISp9wkt413h7010000000000.jpg,520,6th,St,APT 11,San Francisco,CA,94103,3900,1
http://photos3.zillowstatic.com/p_g/ISxf24wyvxijkp1000000000.jpg,239,Castenada,Ave,,San Francisco,CA,94116,3900,2
http://photos3.zillowstatic.com/p_g/IStclhz9jg8gn60000000000.jpg,106,Edna,St,,San Francisco,CA,94112,5500,4
http://photos3.zillowstatic.com/p_g/ISto2jha95pp5d1000000000.jpg,132,Albion,St,,San Francisco,CA,94110,5200,3
http://photos1.zillowstatic.com/p_g/ISliwvngh4cpc70000000000.jpg,1066,Florida,St,,San Francisco,CA,94110,5265,2
http://photos1.zillowstatic.com/p_g/IS9luaw10cydd71000000000.jpg,420,Mission Bay,Blvd N,UNIT 1203,San Francisco,CA,94158,6500,2
http://photos2.zillowstatic.com/p_g/IShrcr4gkejbjm0000000000.jpg,2786,Filbert,St,,San Francisco,CA,94123,5100,2
"http://dev.virtualearth.net/REST/v1/Imagery/Map/Aerial/37.750750,-122.429570/17?mapSize=150112,&key=AmdvKO2hNoyLePakiVzRBZiGPKCxV6MtwWneohoPfmXclTaRTzvT6_Ict5-PBHO6",,N Point,St,,San Francisco,CA,94133,3395,Studio
http://photos2.zillowstatic.com/p_g/ISh36ebvy80m471000000000.jpg,1384,Mcallister,St,,San Francisco,CA,94115,3299,1
http://photos2.zillowstatic.com/p_g/IStg8qcl1ty9wi0000000000.jpg,403,Main,St,APT 112,San Francisco,CA,94105,4400,2
http://photos1.zillowstatic.com/p_g/ISlywub8jhyo1x0000000000.jpg,300,Judson,Ave,# B,San Francisco,CA,94112,2495,3
"http://dev.virtualearth.net/REST/v1/Imagery/Map/Aerial/37.798486,-122.435786/17?mapSize=150112,&key=AmdvKO2hNoyLePakiVzRBZiGPKCxV6MtwWneohoPfmXclTaRTzvT6_Ict5-PBHO6",153,Ashbury,St,,San Francisco,CA,94117,3195,1
http://photos3.zillowstatic.com/p_g/IShn9mjkyj9pt71000000000.jpg,1948,Stockton,St,,San Francisco,CA,94133,6500,2
http://photos3.zillowstatic.com/p_g/IS5qvbo89hxmhs0000000000.jpg,875,Fulton,St,APT 4,San Francisco,CA,94117,1995,1
http://photos1.zillowstatic.com/p_g/ISlai79n8xkxex1000000000.jpg,2642,Gough,St,,San Francisco,CA,94123,3495,1
http://photos3.zillowstatic.com/p_g/IStg00jysov3p51000000000.jpg,10,Cyril Magnin,St,UNIT 604,San Francisco,CA,94102,3390,1
http://photos3.zillowstatic.com/p_g/IS9la35chb1amt1000000000.jpg,640,Davis,St,,San Francisco,CA,94111,9500,3
http://photos3.zillowstatic.com/p_g/ISluxsj4ucbaij1000000000.jpg,233,Collingwood,St,,San Francisco,CA,94114,3600,2
http://photos3.zillowstatic.com/p_g/IS9hrlni49jr6h0000000000.jpg,2001,Mcallister,St,APT 222,San Francisco,CA,94118,3750,1
http://photos2.zillowstatic.com/p_g/ISts5cl4xytyzl0000000000.jpg,1809,Broa,way,APT 3,San Francisco,CA,94109,4000,2
http://photos1.zillowstatic.com/p_g/ISxn8ajwwfxf610000000000.jpg,4062,17th,St,# VISTA,San Francisco,CA,94114,7450,2
http://photos1.zillowstatic.com/p_g/IS9ppder61nuqu1000000000.jpg,149,Hartford,St,,San Francisco,CA,94114,7600,3
http://photos2.zillowstatic.com/p_g/IS5umfohy7xvuq1000000000.jpg,50,Lansing,St,UNIT 308,San Francisco,CA,94105,3475,1
http://photos2.zillowstatic.com/p_g/IS5e2p19c82x6h0000000000.jpg,320,Alabama,St,APT 9,San Francisco,CA,94110,6750,3
http://photos2.zillowstatic.com/p_g/ISd8bqq2ettebb1000000000.jpg,4147,Lawton,St,,San Francisco,CA,94122,2395,1
http://photos3.zillowstatic.com/p_g/IS9t87hljem9bg1000000000.jpg,460,2nd,St,,San Francisco,CA,94107,7350,2
http://photos2.zillowstatic.com/p_g/IS1bp9dye73cv20000000000.jpg,1450,Cole,St,,San Francisco,CA,94117,4100,1
http://photos3.zillowstatic.com/p_g/IS9hjzsp1k75fr0000000000.jpg,370,Upper,Ter,,San Francisco,CA,94117,4250,2
http://photos1.zillowstatic.com/p_g/ISpl5sqajovrek1000000000.jpg,407,Washington,Blvd,# A,San Francisco,CA,94129,5745,4
http://photos1.zillowstatic.com/p_g/ISpt7jnei7p3ra1000000000.jpg,3070,San Bruno,Ave,,San Francisco,CA,94134,2200,1
http://photos2.zillowstatic.com/p_g/IS5y1i7ng0i4160000000000.jpg,270,Linden,St,APT 301,San Francisco,CA,94102,8000,3
http://photos1.zillowstatic.com/p_g/ISph62gsz54ysf0000000000.jpg,1200,Treat,Ave,,San Francisco,CA,94110,3495,1
http://photos2.zillowstatic.com/p_g/ISd4opjt3ignag1000000000.jpg,140,S Van Ness,Ave,UNIT 743,San Francisco,CA,94103,3100,1
http://photos3.zillowstatic.com/p_g/IS5azjw1gu66l70000000000.jpg,2477,California,St,,San Francisco,CA,94115,4800,1
"http://dev.virtualearth.net/REST/v1/Imagery/Map/Aerial/37.751159,-122.436302/17?mapSize=150112,&key=AmdvKO2hNoyLePakiVzRBZiGPKCxV6MtwWneohoPfmXclTaRTzvT6_Ict5-PBHO6",1800,23rd,Ave,APT 1,San Francisco,CA,94122,3200,2
http://photos3.zillowstatic.com/p_g/IStou0a6g7ayt20000000000.jpg,300,Berry,St,,San Francisco,CA,94158,3800,2
http://photos1.zillowstatic.com/p_g/ISxzht5idck0as0000000000.jpg,3664,19th,St,,San Francisco,CA,94110,5050,2
http://photos3.zillowstatic.com/p_g/IShr80dtd7i7y80000000000.jpg,1310,Fillmore,St,APT 505,San Francisco,CA,94115,4200,1
http://photos3.zillowstatic.com/p_g/IShbgnr4c6ew660000000000.jpg,701,Hampshire,St,APT 202,San Francisco,CA,94110,3300,1
http://photos3.zillowstatic.com/p_g/IShzei92fudd8h1000000000.jpg,496,7th,Ave,,San Francisco,CA,94118,3400,2
"http://dev.virtualearth.net/REST/v1/Imagery/Map/Aerial/37.803779,-122.405311/17?mapSize=150112,&key=AmdvKO2hNoyLePakiVzRBZiGPKCxV6MtwWneohoPfmXclTaRTzvT6_Ict5-PBHO6",,Kearny,St,,San Francisco,CA,94133,11000,3
http://photos1.zillowstatic.com/p_g/ISdcubvoju469s0000000000.jpg,175,Bluxome,St,UNIT 324,San Francisco,CA,94107,4000,2
"http://dev.virtualearth.net/REST/v1/Imagery/Map/Aerial/37.742772,-122.482147/17?mapSize=150112,&key=AmdvKO2hNoyLePakiVzRBZiGPKCxV6MtwWneohoPfmXclTaRTzvT6_Ict5-PBHO6",,Carl,St,,San Francisco,CA,94117,3995,1
http://photos1.zillowstatic.com/p_g/IS9lqbmr0ct9jq0000000000.jpg,630,Alvarado,St,,San Francisco,CA,94114,2695,1
http://photos1.zillowstatic.com/p_g/ISlqawzjlsef9g0000000000.jpg,1,Bluxome,St,,San Francisco,CA,94107,4500,1
http://photos1.zillowstatic.com/p_g/ISl2c51cq3o0tc0000000000.jpg,102,Santa Marina,St,,San Francisco,CA,94110,6995,3
http://photos2.zillowstatic.com/p_g/IShntdmc6llshv1000000000.jpg,142,Ellington,Ave,,San Francisco,CA,94112,4000,3
http://photos1.zillowstatic.com/p_g/ISxfig0vy76y850000000000.jpg,1207,32nd,Ave,,San Francisco,CA,94122,3695,3
http://photos3.zillowstatic.com/p_g/ISxv2jcrlxhl241000000000.jpg,254-256,Brighton,Ave,,San Francisco,CA,94112,4500,3
http://photos2.zillowstatic.com/p_g/ISt8iwd7racmbc0000000000.jpg,20,Rivas,Ave,,San Francisco,CA,94132,3650,2
http://photos3.zillowstatic.com/p_g/IShfbu4howpvaq0000000000.jpg,33,Dalewood,Way,,San Francisco,CA,94127,4750,3
"http://dev.virtualearth.net/REST/v1/Imagery/Map/Aerial/37.763360,-122.448116/17?mapSize=150112,&key=AmdvKO2hNoyLePakiVzRBZiGPKCxV6MtwWneohoPfmXclTaRTzvT6_Ict5-PBHO6",,Mission,St,,San Francisco,CA,94105,4750,1
http://photos2.zillowstatic.com/p_g/IShf7vytly1dsl0000000000.jpg,956,Ashbury,St,,San Francisco,CA,94117,10800,5
http://photos3.zillowstatic.com/p_g/IStgk3n7cdv8os1000000000.jpg,946,S Van Ness,Ave,,San Francisco,CA,94110,8250,3
http://photos1.zillowstatic.com/p_g/ISxb3q2uveow8e0000000000.jpg,788,Minna,St,UNIT 501,San Francisco,CA,94103,3650,1
http://photos1.zillowstatic.com/p_g/IS1vk3l39z1oq80000000000.jpg,1327,7th,Ave,,San Francisco,CA,94122,4850,3
http://photos2.zillowstatic.com/p_g/IS1fs68wmbt7t41000000000.jpg,1057,Valencia,St,,San Francisco,CA,94110,3200,Studio
http://photos1.zillowstatic.com/p_g/ISp9cpnn0fadej0000000000.jpg,160,Santa Marina,St,,San Francisco,CA,94110,4600,2
http://photos1.zillowstatic.com/p_g/ISxb7huok7iez40000000000.jpg,1101,999 Pine,St,# 1101,San Francisco,CA,94108,3595,1
http://photos3.zillowstatic.com/p_g/IStg4v5sgxshvf0000000000.jpg,653,28th,St,,San Francisco,CA,94131,6000,3
"http://dev.virtualearth.net/REST/v1/Imagery/Map/Aerial/37.772946,-122.423911/17?mapSize=150112,&key=AmdvKO2hNoyLePakiVzRBZiGPKCxV6MtwWneohoPfmXclTaRTzvT6_Ict5-PBHO6",28,Perego,Ter,# 3,San Francisco,CA,94131,4495,2
"http://dev.virtualearth.net/REST/v1/Imagery/Map/Aerial/37.725090,-122.437950/17?mapSize=150112,&key=AmdvKO2hNoyLePakiVzRBZiGPKCxV6MtwWneohoPfmXclTaRTzvT6_Ict5-PBHO6",1059,Leavenworth,St,APT 9,San Francisco,CA,94109,3000,1
"http://dev.virtualearth.net/REST/v1/Imagery/Map/Aerial/37.764480,-122.429416/17?mapSize=150112,&key=AmdvKO2hNoyLePakiVzRBZiGPKCxV6MtwWneohoPfmXclTaRTzvT6_Ict5-PBHO6",1445,Lake,St,,San Francisco,CA,94118,3595,2
http://photos1.zillowstatic.com/p_g/ISl2g08pi0xghx1000000000.jpg,50,Lansing,St,UNIT 305,San Francisco,CA,94105,4400,2
http://photos3.zillowstatic.com/p_g/ISlyo0fcydqlh91000000000.jpg,230,N Lake Merced,Hills,# Top Floor,San Francisco,CA,94132,3950,2
http://photos2.zillowstatic.com/p_g/ISh7dqcfxwt34q0000000000.jpg,2656,Van Ness,Ave,,San Francisco,CA,94109,2995,Studio
http://photos2.zillowstatic.com/p_g/ISh7tuy3oleisg1000000000.jpg,144,Clinton,Park,# B,San Francisco,CA,94103,2000,Studio
http://photos2.zillowstatic.com/p_g/IShn1orpuk0qkn0000000000.jpg,1234,26th,Ave,,San Francisco,CA,94122,5800,4
http://photos1.zillowstatic.com/p_g/ISlulzwxapg4o31000000000.jpg,5,Murray,St,,San Francisco,CA,94112,3185,2
http://photos3.zillowstatic.com/p_g/IS9p1frfrscirb0000000000.jpg,199,New Montgomery,St,,San Francisco,CA,94105,3495,Studio
"http://dev.virtualearth.net/REST/v1/Imagery/Map/Aerial/37.768250,-122.453350/17?mapSize=150112,&key=AmdvKO2hNoyLePakiVzRBZiGPKCxV6MtwWneohoPfmXclTaRTzvT6_Ict5-PBHO6",1221,Harrison,St,APT 28,San Francisco,CA,94103,4295,1
http://photos1.zillowstatic.com/p_g/IS9l6s91q2m62g1000000000.jpg,175,27th,Ave,,San Francisco,CA,94121,9995,5
http://photos3.zillowstatic.com/p_g/ISt863vnwww3pi1000000000.jpg,127,Crescent,Ave,# COTTAGE,San Francisco,CA,94110,3100,2
http://photos1.zillowstatic.com/p_g/ISdcasqgwlaig30000000000.jpg,1423,7th,Ave,,San Francisco,CA,94122,4200,2
http://photos3.zillowstatic.com/p_g/IShr0emjcriqz30000000000.jpg,765,Market,St,APT PH3B,San Francisco,CA,94103,29950,3
"http://dev.virtualearth.net/REST/v1/Imagery/Map/Aerial/37.796390,-122.420700/17?mapSize=150112,&key=AmdvKO2hNoyLePakiVzRBZiGPKCxV6MtwWneohoPfmXclTaRTzvT6_Ict5-PBHO6",2299,Sacramento,St,APT 21,San Francisco,CA,94115,6000,3
http://photos2.zillowstatic.com/p_g/IS13blupviuz5u0000000000.jpg,1635,California,St,APT 44,San Francisco,CA,94109,4500,2
"http://dev.virtualearth.net/REST/v1/Imagery/Map/Aerial/37.802880,-122.404510/17?mapSize=150112,&key=AmdvKO2hNoyLePakiVzRBZiGPKCxV6MtwWneohoPfmXclTaRTzvT6_Ict5-PBHO6",379,Raymond,Ave,,San Francisco,CA,94134,1795,1
http://photos3.zillowstatic.com/p_g/ISxrnsuq5rehu21000000000.jpg,4226,25th,St,,San Francisco,CA,94114,12995,4
http://photos1.zillowstatic.com/p_g/ISds68dz94s1290000000000.jpg,245,N Point,St,,San Francisco,CA,94133,3000,Studio
http://photos1.zillowstatic.com/p_g/IS17qzmalcp4vg1000000000.jpg,455,Eddy,St,,San Francisco,CA,94109,2595,1
http://photos1.zillowstatic.com/p_g/ISxbboughc4jgr0000000000.jpg,200,Brannan,St,APT 141,San Francisco,CA,94107,6999,2
http://photos3.zillowstatic.com/p_g/IS9hnmliqejbtu0000000000.jpg,625,Guerrero,St,,San Francisco,CA,94110,2995,1
http://photos2.zillowstatic.com/p_g/IShfjc82gz5t161000000000.jpg,44,Crestline,Dr,APT 10,San Francisco,CA,94131,3450,2
http://photos2.zillowstatic.com/p_g/ISd011m34ruadk0000000000.jpg,28,Perego,Ter,# 3,San Francisco,CA,94131,4495,2
"http://dev.virtualearth.net/REST/v1/Imagery/Map/Aerial/37.727630,-122.471670/17?mapSize=150112,&key=AmdvKO2hNoyLePakiVzRBZiGPKCxV6MtwWneohoPfmXclTaRTzvT6_Ict5-PBHO6",2550-A,Sutter,St,,San Francisco,CA,94115,7250,4
http://photos1.zillowstatic.com/p_g/ISli0rmbuq5sb20000000000.jpg,421,Arguello,Blvd,APT 202,San Francisco,CA,94118,5400,3
http://photos1.zillowstatic.com/p_g/ISlqu7uau7bt661000000000.jpg,1740,Pacific,Ave,APT 205,San Francisco,CA,94109,2700,1
"http://dev.virtualearth.net/REST/v1/Imagery/Map/Aerial/37.755451,-122.491610/17?mapSize=150112,&key=AmdvKO2hNoyLePakiVzRBZiGPKCxV6MtwWneohoPfmXclTaRTzvT6_Ict5-PBHO6",600,Laurel,St,APT 14,San Francisco,CA,94118,2700,Studio
"http://dev.virtualearth.net/REST/v1/Imagery/Map/Aerial/37.777070,-122.436510/17?mapSize=150112,&key=AmdvKO2hNoyLePakiVzRBZiGPKCxV6MtwWneohoPfmXclTaRTzvT6_Ict5-PBHO6",1650,Jackson,St,APT 303,San Francisco,CA,94109,3200,1
http://photos2.zillowstatic.com/p_g/IS5602gc1nmc7g0000000000.jpg,2077,Buchanan,St,,San Francisco,CA,94115,5950,3
http://photos2.zillowstatic.com/p_g/IStkv60um6jwfl0000000000.jpg,260,King,St,UNIT 1005,San Francisco,CA,94107,5500,2
"http://dev.virtualearth.net/REST/v1/Imagery/Map/Aerial/37.729391,-122.426026/17?mapSize=150112,&key=AmdvKO2hNoyLePakiVzRBZiGPKCxV6MtwWneohoPfmXclTaRTzvT6_Ict5-PBHO6",557,Fillmore,St,,San Francisco,CA,94117,5100,2
http://photos1.zillowstatic.com/p_g/ISl24fn1en2mdu0000000000.jpg,59,Collingwood,St,,San Francisco,CA,94114,4000,2
http://photos3.zillowstatic.com/p_g/ISxbnpntjazxc51000000000.jpg,199,New Montgomery,St,UNIT 1507,San Francisco,CA,94105,3995,1
http://photos1.zillowstatic.com/p_g/ISptzc5a777sj21000000000.jpg,2654,Gough,St,,San Francisco,CA,94123,3295,1
"http://dev.virtualearth.net/REST/v1/Imagery/Map/Aerial/37.784750,-122.460400/17?mapSize=150112,&key=AmdvKO2hNoyLePakiVzRBZiGPKCxV6MtwWneohoPfmXclTaRTzvT6_Ict5-PBHO6",,Beulah,St,,San Francisco,CA,94117,6300,3
http://photos1.zillowstatic.com/p_g/IS1n6fibpxotlg0000000000.jpg,2904,Jackson,St,APT 2,San Francisco,CA,94115,3250,1
http://photos3.zillowstatic.com/p_g/IS56wmddj6kitt1000000000.jpg,2800,Vallejo,St,,San Francisco,CA,94123,16500,6
http://photos2.zillowstatic.com/p_g/ISdoz7t8jdm23k1000000000.jpg,733,Myra,Way,,San Francisco,CA,94127,3800,2
http://photos1.zillowstatic.com/p_g/ISl20sq5s9ecm50000000000.jpg,1907,Greenwich,St,APT 3,San Francisco,CA,94123,2100,Studio
http://photos2.zillowstatic.com/p_g/IS1vc98j6xdjyj0000000000.jpg,400,Monterey,Blvd,APT 4,San Francisco,CA,94127,3200,2
"http://dev.virtualearth.net/REST/v1/Imagery/Map/Aerial/37.763219,-122.423085/17?mapSize=150112,&key=AmdvKO2hNoyLePakiVzRBZiGPKCxV6MtwWneohoPfmXclTaRTzvT6_Ict5-PBHO6",68,Harriet,St,UNIT 11,San Francisco,CA,94103,4595,2
http://photos2.zillowstatic.com/p_g/IS5ihndy509fgd0000000000.jpg,163,Clearfield,Dr,,San Francisco,CA,94132,3995,3
http://photos2.zillowstatic.com/p_g/IShbwniagx41iq1000000000.jpg,2205,24th,St,,San Francisco,CA,94107,4000,2
http://photos3.zillowstatic.com/p_g/ISlai3yz755dlj1000000000.jpg,2733,Folsom,St,,San Francisco,CA,94110,9500,3
http://photos2.zillowstatic.com/p_g/IS13vwszh0qteo0000000000.jpg,3828,Sacramento,St,,San Francisco,CA,94118,5500,3
http://photos2.zillowstatic.com/p_g/ISh3i7arx0quo40000000000.jpg,2924,Griffith,St,,San Francisco,CA,94124,3995,3
http://photos3.zillowstatic.com/p_g/IS5ihvfh4axo0s1000000000.jpg,2333,Folsom,St,,San Francisco,CA,94110,4950,3
http://photos2.zillowstatic.com/p_g/IShnpu04tret961000000000.jpg,4150,17th,St,APT 27,San Francisco,CA,94114,5500,2
"http://dev.virtualearth.net/REST/v1/Imagery/Map/Aerial/37.759436,-122.432716/17?mapSize=150112,&key=AmdvKO2hNoyLePakiVzRBZiGPKCxV6MtwWneohoPfmXclTaRTzvT6_Ict5-PBHO6",535,Leavenworth,St,APT 32,San Francisco,CA,94109,2995,1
http://photos2.zillowstatic.com/p_g/ISp5hi68bjns9v0000000000.jpg,301,Main,St,UNIT 7D,San Francisco,CA,94105,5495,2
"http://dev.virtualearth.net/REST/v1/Imagery/Map/Aerial/37.779590,-122.443481/17?mapSize=150112,&key=AmdvKO2hNoyLePakiVzRBZiGPKCxV6MtwWneohoPfmXclTaRTzvT6_Ict5-PBHO6",17,Harriet,St,,San Francisco,CA,94103,7880,3
http://photos1.zillowstatic.com/p_g/IS9p95pd3al6p51000000000.jpg,2828,Bryant,St,,San Francisco,CA,94110,6500,3
"http://dev.virtualearth.net/REST/v1/Imagery/Map/Aerial/37.801110,-122.442800/17?mapSize=150112,&key=AmdvKO2hNoyLePakiVzRBZiGPKCxV6MtwWneohoPfmXclTaRTzvT6_Ict5-PBHO6",1,Hawthorne,St,UNIT 17F,San Francisco,CA,94105,7500,2
http://photos1.zillowstatic.com/p_g/ISl286vcapir6k1000000000.jpg,4130-40,Cesar Chavez,St,,San Francisco,CA,94131,3395,1
"http://dev.virtualearth.net/REST/v1/Imagery/Map/Aerial/37.725070,-122.402500/17?mapSize=150112,&key=AmdvKO2hNoyLePakiVzRBZiGPKCxV6MtwWneohoPfmXclTaRTzvT6_Ict5-PBHO6",757,Natoma,St,,San Francisco,CA,94103,3400,2
http://photos3.zillowstatic.com/p_g/IS9lit6x5v9vq70000000000.jpg,50,Belcher,St,,San Francisco,CA,94114,5995,3
http://photos3.zillowstatic.com/p_g/ISl24b8z2icdt61000000000.jpg,1234,Howard,St,# 4,San Francisco,CA,94103,3995,1
http://photos2.zillowstatic.com/p_g/IStoyfg4wg2gfj0000000000.jpg,1532,Shafter,Ave,,San Francisco,CA,94124,3000,3
"http://dev.virtualearth.net/REST/v1/Imagery/Map/Aerial/37.797890,-122.444150/17?mapSize=150112,&key=AmdvKO2hNoyLePakiVzRBZiGPKCxV6MtwWneohoPfmXclTaRTzvT6_Ict5-PBHO6",1350,California,St,,San Francisco,CA,94109,4250,2
http://photos3.zillowstatic.com/p_g/ISlmfddk350ehh0000000000.jpg,25,Hotaling,Pl,UNIT F,San Francisco,CA,94111,3550,1
http://photos1.zillowstatic.com/p_g/IS1n6z5bwfu5dk0000000000.jpg,16,Hoffman,Ave,,San Francisco,CA,94114,5000,2
http://photos3.zillowstatic.com/p_g/ISt0s2by1zwcrg1000000000.jpg,86,Everglade,Dr,,San Francisco,CA,94132,3900,3
http://photos2.zillowstatic.com/p_g/IS1bp9pj3mvg5i1000000000.jpg,3001,San Bruno,Ave,,San Francisco,CA,94134,2000,1
"http://dev.virtualearth.net/REST/v1/Imagery/Map/Aerial/37.795113,-122.428357/17?mapSize=150112,&key=AmdvKO2hNoyLePakiVzRBZiGPKCxV6MtwWneohoPfmXclTaRTzvT6_Ict5-PBHO6",95,Ora,Way,UNIT F103,San Francisco,CA,94131,1670,Studio
http://photos1.zillowstatic.com/p_g/ISdwdssf1uwjk21000000000.jpg,44,Ashton,Ave,,San Francisco,CA,94112,4250,3
http://photos2.zillowstatic.com/p_g/IShj2u1d2i4jnw0000000000.jpg,2127,Fillmore,St,APT 3,San Francisco,CA,94115,2850,1
http://photos2.zillowstatic.com/p_g/IShrsz106uvgn40000000000.jpg,435,Euclid,Ave,APT 9,San Francisco,CA,94118,2650,1
http://photos3.zillowstatic.com/p_g/ISl2wwzo3cw6xi1000000000.jpg,1666,Lombard,St,# C,San Francisco,CA,94123,2495,Studio
http://photos2.zillowstatic.com/p_g/IS5um3rbmwdzwy0000000000.jpg,2924,Griffith,St,,San Francisco,CA,94124,3995,3
http://photos1.zillowstatic.com/p_g/IS91ru1me0ff7g0000000000.jpg,1380,Filbert,St,APT 5,San Francisco,CA,94109,2595,Studio
http://photos3.zillowstatic.com/p_g/ISliwntns527361000000000.jpg,238,Evelyn,Way,,San Francisco,CA,94127,3950,3
"http://dev.virtualearth.net/REST/v1/Imagery/Map/Aerial/37.765313,-122.394033/17?mapSize=150112,&key=AmdvKO2hNoyLePakiVzRBZiGPKCxV6MtwWneohoPfmXclTaRTzvT6_Ict5-PBHO6",876,Hampshire,St,,San Francisco,CA,94110,8400,4
http://photos1.zillowstatic.com/p_g/IS9tsijqwulb5i1000000000.jpg,4308,2,St,,San Francisco,CA,94114,6600,2
http://photos2.zillowstatic.com/p_g/IS5ip1mgf3cgpj0000000000.jpg,3736,Ortega,St,,San Francisco,CA,94122,4500,3
http://photos1.zillowstatic.com/p_g/ISx701itadtaj10000000000.jpg,402,43rd,Ave,,San Francisco,CA,94121,3000,2
http://photos2.zillowstatic.com/p_g/IS13nmj7v853151000000000.jpg,818,Van Ness,Ave,APT 409,San Francisco,CA,94109,3250,1
http://photos3.zillowstatic.com/p_g/ISxjlpc2b93hmx1000000000.jpg,981A,Pacific,Ave,,San Francisco,CA,94133,3800,2
http://photos1.zillowstatic.com/p_g/ISxf2s6nc1edsj1000000000.jpg,64-66,Deming,St,,San Francisco,CA,94114,4995,2
http://photos1.zillowstatic.com/p_g/IS1r9w8bbt4yhy0000000000.jpg,347,Eddy,St,,San Francisco,CA,94102,1845,Studio
http://photos1.zillowstatic.com/p_g/IS1jje7rzns6bq0000000000.jpg,360,Hyde,St,,San Francisco,CA,94109,1745,Studio
"http://dev.virtualearth.net/REST/v1/Imagery/Map/Aerial/37.748780,-122.436070/17?mapSize=150112,&key=AmdvKO2hNoyLePakiVzRBZiGPKCxV6MtwWneohoPfmXclTaRTzvT6_Ict5-PBHO6",1209,Page,St,,San Francisco,CA,94117,2450,1
http://photos2.zillowstatic.com/p_g/IShje70ewbj7po1000000000.jpg,2612,Buchanan,Street,# Top Floor,San Francisco,CA,94115,4600,2
"http://dev.virtualearth.net/REST/v1/Imagery/Map/Aerial/37.734270,-122.395859/17?mapSize=150112,&key=AmdvKO2hNoyLePakiVzRBZiGPKCxV6MtwWneohoPfmXclTaRTzvT6_Ict5-PBHO6",1408,California,St,,San Francisco,CA,94109,4995,2
http://photos3.zillowstatic.com/p_g/IStwkesw82u6zf0000000000.jpg,1177,California,St,,San Francisco,CA,94108,6200,2
http://photos1.zillowstatic.com/p_g/ISph232jitsg6x0000000000.jpg,243,Collingwood,St,,San Francisco,CA,94114,8000,3
http://photos1.zillowstatic.com/p_g/ISlq2yzyn8kx970000000000.jpg,21,Stillman,St,APT 5,San Francisco,CA,94107,9000,2
http://photos3.zillowstatic.com/p_g/ISlmbiykod46rk1000000000.jpg,69,Clementina,St,UNIT 502,San Francisco,CA,94105,3345,1
http://photos3.zillowstatic.com/p_g/IS5arh1qxibk1q0000000000.jpg,160,Orsi,Cir,,San Francisco,CA,94124,3500,3
http://photos3.zillowstatic.com/p_g/ISxzxlm632v3mv1000000000.jpg,33,Vandewater,St,,San Francisco,CA,94133,4499,2
http://photos3.zillowstatic.com/p_g/IShjq4alm4g8we0000000000.jpg,2101,Bryant,St,APT 105,San Francisco,CA,94110,3800,1
http://photos2.zillowstatic.com/p_g/ISdwpt1tmji68v0000000000.jpg,68,Harriet,St,,San Francisco,CA,94103,3790,1
http://photos3.zillowstatic.com/p_g/IS95iqzr1niblx1000000000.jpg,106,19th,Ave,,San Francisco,CA,94121,3695,2
http://photos3.zillowstatic.com/p_g/IStkbzgi0vn1t81000000000.jpg,1321,Page,St,,San Francisco,CA,94117,5950,2
http://photos2.zillowstatic.com/p_g/IShjmlg2smebxh1000000000.jpg,690,Market,St,UNIT 2203,San Francisco,CA,94104,10000,2
http://photos3.zillowstatic.com/p_g/IS5avotnxv33bs1000000000.jpg,47,Knollview,Way,,San Francisco,CA,94131,3995,2
http://photos2.zillowstatic.com/p_g/IS5idg5cw6580c0000000000.jpg,2131,34th,Ave,,San Francisco,CA,94116,3700,2
http://photos1.zillowstatic.com/p_g/ISlikajldfs99o1000000000.jpg,834,Bay,St,,San Francisco,CA,94109,10000,3
http://photos2.zillowstatic.com/p_g/ISh75od0ezkkvd1000000000.jpg,171,Guerrero,St,,San Francisco,CA,94103,3595,1
http://photos1.zillowstatic.com/p_g/ISpltyv1xk4qd81000000000.jpg,1918,Jones,St,,San Francisco,CA,94133,9850,3
http://photos3.zillowstatic.com/p_g/IS52hke765uy2h1000000000.jpg,695,38th,Ave,APT 2,San Francisco,CA,94121,2900,1
http://photos3.zillowstatic.com/p_g/ISxn0cfw84p8c70000000000.jpg,111,Duboce,Ave,# PENHOUSE,San Francisco,CA,94103,4095,2
http://photos1.zillowstatic.com/p_g/ISxzht5idck0as0000000000.jpg,694,6th,Ave,,San Francisco,CA,94118,3200,2
http://photos1.zillowstatic.com/p_g/IS95enqvim2i5g0000000000.jpg,530,Stockton,St,APT 505,San Francisco,CA,94108,2395,Studio
http://photos3.zillowstatic.com/p_g/ISlel05vhid8x91000000000.jpg,2373,Francisco,St,,San Francisco,CA,94123,6100,2
http://photos1.zillowstatic.com/p_g/IS99xo7qj2nzyw1000000000.jpg,18,10th,Street,# FL 9TH,San Francisco,CA,94103,2950,Studio
"http://dev.virtualearth.net/REST/v1/Imagery/Map/Aerial/37.777966,-122.393891/17?mapSize=150112,&key=AmdvKO2hNoyLePakiVzRBZiGPKCxV6MtwWneohoPfmXclTaRTzvT6_Ict5-PBHO6",,Sharon,St,,San Francisco,CA,94114,3600,1
http://photos3.zillowstatic.com/p_g/IStous34c77bex1000000000.jpg,821,Folsom,St,APT 201,San Francisco,CA,94107,3875,1
http://photos3.zillowstatic.com/p_g/ISxrnsuq5rehu21000000000.jpg,2129,Bay,St,,San Francisco,CA,94123,7500,3
http://photos3.zillowstatic.com/p_g/IS5uedpqp8y7910000000000.jpg,988,Potrero,Ave,APT C,San Francisco,CA,94110,2300,1
http://photos3.zillowstatic.com/p_g/IS5arpbrjvozj61000000000.jpg,301,Main,St,,San Francisco,CA,94105,5495,3
http://photos2.zillowstatic.com/p_g/ISpdnsosxgh3qs1000000000.jpg,883,Fulton,St,,San Francisco,CA,94117,5400,2
http://photos2.zillowstatic.com/p_g/IS1f40bb7km3vs0000000000.jpg,410,Washington,Blvd,# A,San Francisco,CA,94129,5950,4
http://photos3.zillowstatic.com/p_g/ISxfudyw4k55bu1000000000.jpg,2933,Yorba,St,,San Francisco,CA,94116,4400,3
http://photos2.zillowstatic.com/p_g/ISh3e4dod2cvia1000000000.jpg,127,Crescent,Ave,,San Francisco,CA,94110,3100,2
http://photos3.zillowstatic.com/p_g/ISxfe16q98f8eu0000000000.jpg,23,Palm,Ave,APT 3,San Francisco,CA,94118,4000,2
http://photos3.zillowstatic.com/p_g/IS52h0r3k41v4a0000000000.jpg,1440,Washington,St,APT 4,San Francisco,CA,94109,3795,2
http://photos2.zillowstatic.com/p_g/IStgchcabwsddp1000000000.jpg,501,Beale,St,,San Francisco,CA,94105,5799,2
http://photos2.zillowstatic.com/p_g/ISdsilvnnujkm01000000000.jpg,737,Tehama,St,,San Francisco,CA,94103,5500,2
http://photos1.zillowstatic.com/p_g/ISptzkvvnd5ryb1000000000.jpg,1651,Grant,Ave,,San Francisco,CA,94133,6300,3
http://photos1.zillowstatic.com/p_g/IS1vcl1266i6xf0000000000.jpg,1091,19th,St,,San Francisco,CA,94107,6300,3
http://photos3.zillowstatic.com/p_g/IShjakjaf3zm801000000000.jpg,263,19th,Ave,,San Francisco,CA,94121,3995,2
http://photos3.zillowstatic.com/p_g/IShjiifsvofmzr0000000000.jpg,2758,Baker,St,,San Francisco,CA,94123,8500,3
http://photos2.zillowstatic.com/p_g/ISpd7k7d29hbc70000000000.jpg,626,Broderick,St,,San Francisco,CA,94117,3395,1
http://photos3.zillowstatic.com/p_g/IS5uy0lmwu58dz0000000000.jpg,491,29th,St,,San Francisco,CA,94131,4980,3
http://photos2.zillowstatic.com/p_g/ISpd3hamf46kjn1000000000.jpg,507,Haight,St,,San Francisco,CA,94117,3500,1
"http://dev.virtualearth.net/REST/v1/Imagery/Map/Aerial/37.774380,-122.426000/17?mapSize=150112,&key=AmdvKO2hNoyLePakiVzRBZiGPKCxV6MtwWneohoPfmXclTaRTzvT6_Ict5-PBHO6",555,Divisadero,St,,San Francisco,CA,94117,7500,3
http://photos2.zillowstatic.com/p_g/ISds2lg77y68kz0000000000.jpg,15,Harriet,St,,San Francisco,CA,94103,2880,1
http://photos1.zillowstatic.com/p_g/ISlu5rrvtqv8df0000000000.jpg,1,Marview,Way,,San Francisco,CA,94131,4500,3
http://photos1.zillowstatic.com/p_g/IS9dgiy6ae5kcv1000000000.jpg,1532,Shafter,Ave,,San Francisco,CA,94124,3000,3
http://photos2.zillowstatic.com/p_g/IStg0sso9uk0lf1000000000.jpg,1040,Divisadero,St,,San Francisco,CA,94115,4275,2
http://photos1.zillowstatic.com/p_g/IS9hjbqj03oaxg1000000000.jpg,525,Kansas,St,,San Francisco,CA,94107,8900,3
http://photos2.zillowstatic.com/p_g/IS5aj3xynivx6v1000000000.jpg,355,Laguna,St,,San Francisco,CA,94102,3500,Studio
http://photos1.zillowstatic.com/p_g/ISlqyeqj1twb550000000000.jpg,874,Hampshire,St,,San Francisco,CA,94110,8400,4
http://photos3.zillowstatic.com/p_g/IStw8dj3jwt1lb1000000000.jpg,2066,Mcallister,St,,San Francisco,CA,94118,7900,6
http://photos2.zillowstatic.com/p_g/IShb4mqxkyhf9t0000000000.jpg,3387,Market,St,,San Francisco,CA,94114,4900,1
http://photos2.zillowstatic.com/p_g/IShvb9ld95ewjg0000000000.jpg,6,Montague,Pl,,San Francisco,CA,94133,3550,1
http://photos3.zillowstatic.com/p_g/IS5mojen3rs1gw1000000000.jpg,121,Arkansas,St,,San Francisco,CA,94107,3300,2
"http://dev.virtualearth.net/REST/v1/Imagery/Map/Aerial/37.754476,-122.421511/17?mapSize=150112,&key=AmdvKO2hNoyLePakiVzRBZiGPKCxV6MtwWneohoPfmXclTaRTzvT6_Ict5-PBHO6",,Merced,Ave,,San Francisco,CA,94127,10500,5
http://photos1.zillowstatic.com/p_g/IS176kpmxrhbk50000000000.jpg,189,Mount Vernon,Ave,,San Francisco,CA,94112,4000,4
http://photos1.zillowstatic.com/p_g/ISxj595plm96gf0000000000.jpg,1290,Storey,Ave,# B,San Francisco,CA,94129,5795,3
http://photos2.zillowstatic.com/p_g/ISp12sgpz12kvx1000000000.jpg,2398,Broadway,St,# 2398,San Francisco,CA,94115,8000,3
"http://dev.virtualearth.net/REST/v1/Imagery/Map/Aerial/37.784550,-122.470330/17?mapSize=150112,&key=AmdvKO2hNoyLePakiVzRBZiGPKCxV6MtwWneohoPfmXclTaRTzvT6_Ict5-PBHO6",498,Fair Oaks,St,,San Francisco,CA,94110,4300,2
http://photos2.zillowstatic.com/p_g/IShbot9dy3j92l0000000000.jpg,2755,38th,Ave,,San Francisco,CA,94116,3525,2
http://photos1.zillowstatic.com/p_g/ISdwhz41l526tk1000000000.jpg,443,Cole,St,,San Francisco,CA,94117,6250,3
"http://dev.virtualearth.net/REST/v1/Imagery/Map/Aerial/37.742772,-122.482147/17?mapSize=150112,&key=AmdvKO2hNoyLePakiVzRBZiGPKCxV6MtwWneohoPfmXclTaRTzvT6_Ict5-PBHO6",55,Casa,Way,,San Francisco,CA,94123,3395,1
http://photos3.zillowstatic.com/p_g/ISlik2xebjrh9g1000000000.jpg,88,King,St,APT 108,San Francisco,CA,94107,5000,2
http://photos3.zillowstatic.com/p_g/IS5qfv468d1i6b1000000000.jpg,4927,California,Street,# Top Floor,San Francisco,CA,94118,3295,1
http://photos1.zillowstatic.com/p_g/ISdwh3slvy5fki0000000000.jpg,1266,9th,Ave,,San Francisco,CA,94122,5195,2
http://photos2.zillowstatic.com/p_g/IStk3pnmtniwjj1000000000.jpg,275,Turk,St,,San Francisco,CA,94102,1795,Studio
http://photos2.zillowstatic.com/p_g/IShfrasapv6glr1000000000.jpg,640,Myra,Way,,San Francisco,CA,94127,4100,2
http://photos1.zillowstatic.com/p_g/ISlq6tylyrvvdl0000000000.jpg,335,23rd,Ave,APT 1,San Francisco,CA,94121,2400,1
http://photos1.zillowstatic.com/p_g/ISplxxhx048fv01000000000.jpg,3245,Vicente,St,APT 1,San Francisco,CA,94116,2100,1
http://photos3.zillowstatic.com/p_g/ISl28y4fg6rucf1000000000.jpg,1400,Mission,St,,San Francisco,CA,94103,3414,2
http://photos1.zillowstatic.com/p_g/ISlq2ucutym0ai1000000000.jpg,453,S Van Ness Avenue 455 S Van Ness,Ave,UNIT 1,San Francisco,CA,94103,3450,1
"http://dev.virtualearth.net/REST/v1/Imagery/Map/Aerial/37.762659,-122.435394/17?mapSize=150112,&key=AmdvKO2hNoyLePakiVzRBZiGPKCxV6MtwWneohoPfmXclTaRTzvT6_Ict5-PBHO6",574,3rd,St,,San Francisco,CA,94107,2495,1
http://photos1.zillowstatic.com/p_g/ISx7wt9z2kwr6s1000000000.jpg,48,Grattan,St,,San Francisco,CA,94117,7000,4
http://photos1.zillowstatic.com/p_g/ISp98uk1kgqra71000000000.jpg,1155,Pine,St,,San Francisco,CA,94109,4700,1
http://photos3.zillowstatic.com/p_g/IShrkx60xbk1jg1000000000.jpg,1637,A Golden Gate,,,San Francisco,CA,94115,3499,1
"http://dev.virtualearth.net/REST/v1/Imagery/Map/Aerial/37.758440,-122.465940/17?mapSize=150112,&key=AmdvKO2hNoyLePakiVzRBZiGPKCxV6MtwWneohoPfmXclTaRTzvT6_Ict5-PBHO6",18,Lansing,St,,San Francisco,CA,94105,4650,1
http://photos1.zillowstatic.com/p_g/ISlaqx6p3uf9qi0000000000.jpg,96,Delmar,St,# 96,San Francisco,CA,94117,3590,1
http://photos2.zillowstatic.com/p_g/ISp590ne273wbo1000000000.jpg,200,Romain,St,,San Francisco,CA,94131,5700,2
http://photos2.zillowstatic.com/p_g/IS5uu1frfcmlpj1000000000.jpg,401,Crescent Ct,APT 4412,,San Francisco,CA,94134,3300,2
http://photos3.zillowstatic.com/p_g/ISxn4b57jxpmc20000000000.jpg,283,Cresta Vista,Dr,,San Francisco,CA,94127,5195,4
http://photos3.zillowstatic.com/p_g/ISh3ynxky7sp8d1000000000.jpg,155,Duboce,Ave,,San Francisco,CA,94103,7995,4
http://photos2.zillowstatic.com/p_g/ISdksnl64dfimy0000000000.jpg,77,Bluxome,St,,San Francisco,CA,94107,2840,Studio
http://photos2.zillowstatic.com/p_g/IS1n28yjjw6hcn1000000000.jpg,1110,Rhode Island,St,,San Francisco,CA,94107,5495,2
http://photos3.zillowstatic.com/p_g/IShf3knmq0e7v31000000000.jpg,3757,Webster,St,# 2ND,San Francisco,CA,94123,3895,1
http://photos1.zillowstatic.com/p_g/ISluxcncqu62no0000000000.jpg,33,Lupine,Ave,,San Francisco,CA,94118,5850,3
http://photos3.zillowstatic.com/p_g/ISxvm29pj50kj70000000000.jpg,142,Gates,St,,San Francisco,CA,94110,6000,2
http://photos1.zillowstatic.com/p_g/ISplx5g1pyi0xp1000000000.jpg,2309A,California,St,,San Francisco,CA,94115,6500,2
http://photos1.zillowstatic.com/p_g/ISppg3uq82zqp30000000000.jpg,1050,Filbert,St,,San Francisco,CA,94133,13500,3
"http://dev.virtualearth.net/REST/v1/Imagery/Map/Aerial/37.761735,-122.420827/17?mapSize=150112,&key=AmdvKO2hNoyLePakiVzRBZiGPKCxV6MtwWneohoPfmXclTaRTzvT6_Ict5-PBHO6",,N Point,St,,San Francisco,CA,94109,8995,4
http://photos3.zillowstatic.com/p_g/IS5a3nli58krn10000000000.jpg,347,26th,Ave,,San Francisco,CA,94121,4750,4
http://photos2.zillowstatic.com/p_g/ISdg92lr2hgr8h0000000000.jpg,300,3rd,St,APT 806,San Francisco,CA,94107,5700,2
http://photos1.zillowstatic.com/p_g/IS9ppxxvyv6ea70000000000.jpg,151,Margaret,Avenue,# Top Floor,San Francisco,CA,94112,2800,2
http://photos2.zillowstatic.com/p_g/ISh71h1rn6j06d1000000000.jpg,1,Wilder,St,,San Francisco,CA,94131,4000,3
"http://dev.virtualearth.net/REST/v1/Imagery/Map/Aerial/37.773490,-122.401877/17?mapSize=150112,&key=AmdvKO2hNoyLePakiVzRBZiGPKCxV6MtwWneohoPfmXclTaRTzvT6_Ict5-PBHO6",3040,25th,Ave,,San Francisco,CA,94132,4800,3
http://photos3.zillowstatic.com/p_g/IS52hsgi2a56fa1000000000.jpg,1360,Lombard,St,APT 203,San Francisco,CA,94109,4995,1
"http://dev.virtualearth.net/REST/v1/Imagery/Map/Aerial/37.731220,-122.377200/17?mapSize=150112,&key=AmdvKO2hNoyLePakiVzRBZiGPKCxV6MtwWneohoPfmXclTaRTzvT6_Ict5-PBHO6",3375,17th,St,APT 304,San Francisco,CA,94110,5700,2
http://photos3.zillowstatic.com/p_g/IS9h7at3x2wvvn0000000000.jpg,50,Collins,St,,San Francisco,CA,94118,5000,2
"http://dev.virtualearth.net/REST/v1/Imagery/Map/Aerial/37.752228,-122.431943/17?mapSize=150112,&key=AmdvKO2hNoyLePakiVzRBZiGPKCxV6MtwWneohoPfmXclTaRTzvT6_Ict5-PBHO6",1029,Geary,St,,San Francisco,CA,94109,2645,1
http://photos1.zillowstatic.com/p_g/IS991cohb5uag41000000000.jpg,1256,Lombard,St,,San Francisco,CA,94109,9500,3
http://photos3.zillowstatic.com/p_g/IS5qbsjczyx2cc0000000000.jpg,809,Grafton,Ave,,San Francisco,CA,94112,4200,3
http://photos1.zillowstatic.com/p_g/ISlepvbompgufp1000000000.jpg,69,Cumberland,St,,San Francisco,CA,94110,6500,3
http://photos3.zillowstatic.com/p_g/IS56o4qwte1aqt1000000000.jpg,1433,Jefferson,St,,San Francisco,CA,94123,13000,5
http://photos1.zillowstatic.com/p_g/IS17qf79qwmt010000000000.jpg,67,Ford,St,,San Francisco,CA,94114,4850,1
http://photos2.zillowstatic.com/p_g/IStgwkoxe8eopw1000000000.jpg,70,Gold Mine,Dr,,San Francisco,CA,94131,13000,4
http://photos1.zillowstatic.com/p_g/ISp1ys6zbibhns1000000000.jpg,1446,Washington,St,,San Francisco,CA,94109,3195,1
http://photos2.zillowstatic.com/p_g/IShf73dyw3m7aj0000000000.jpg,70,Gold Mine,Dr,,San Francisco,CA,94131,13000,4
"http://dev.virtualearth.net/REST/v1/Imagery/Map/Aerial/37.786460,-122.469000/17?mapSize=150112,&key=AmdvKO2hNoyLePakiVzRBZiGPKCxV6MtwWneohoPfmXclTaRTzvT6_Ict5-PBHO6",,Greenwich,St,,San Francisco,CA,94123,2900,1
http://photos1.zillowstatic.com/p_g/ISl6v2vp3nsg0a1000000000.jpg,850,Powell,St,,San Francisco,CA,94108,3650,1
http://photos1.zillowstatic.com/p_g/ISd40bo40yq0p70000000000.jpg,301,Mission,St,# 9,San Francisco,CA,94105,12000,3
http://photos3.zillowstatic.com/p_g/IS9tkcdvggvp8i0000000000.jpg,1909,Eddy,St,# 3,San Francisco,CA,94115,6250,3
http://photos1.zillowstatic.com/p_g/ISdkkl6rxq4a711000000000.jpg,142-148,Irving,St,,San Francisco,CA,94122,4000,2
http://photos3.zillowstatic.com/p_g/ISxv6yeq3819mk0000000000.jpg,201A,Ellsworth,St,,San Francisco,CA,94110,3900,2
"http://dev.virtualearth.net/REST/v1/Imagery/Map/Aerial/37.790829,-122.411011/17?mapSize=150112,&key=AmdvKO2hNoyLePakiVzRBZiGPKCxV6MtwWneohoPfmXclTaRTzvT6_Ict5-PBHO6",112,Ripley,St,APT 1,San Francisco,CA,94110,2800,1
"http://dev.virtualearth.net/REST/v1/Imagery/Map/Aerial/37.772058,-122.427091/17?mapSize=150112,&key=AmdvKO2hNoyLePakiVzRBZiGPKCxV6MtwWneohoPfmXclTaRTzvT6_Ict5-PBHO6",310,Arballo,Dr,# 2,San Francisco,CA,94132,3850,2
http://photos3.zillowstatic.com/p_g/IShrs3t7h0js7d1000000000.jpg,109,Alpine,Ter,,San Francisco,CA,94117,22750,4
http://photos1.zillowstatic.com/p_g/ISpxyupyr3a3bn1000000000.jpg,1255,Vallejo,St,,San Francisco,CA,94109,3250,Studio
http://photos2.zillowstatic.com/p_g/IS17arx44qxfvy0000000000.jpg,1737,Jackson,St,APT 304,San Francisco,CA,94109,2695,1
http://photos1.zillowstatic.com/p_g/IS1bxzqs28enrv1000000000.jpg,1740,Oakdale,Ave,,San Francisco,CA,94124,2800,2
"http://dev.virtualearth.net/REST/v1/Imagery/Map/Aerial/37.798990,-122.405630/17?mapSize=150112,&key=AmdvKO2hNoyLePakiVzRBZiGPKCxV6MtwWneohoPfmXclTaRTzvT6_Ict5-PBHO6",55,9th,St,,San Francisco,CA,94103,3490,1
"http://dev.virtualearth.net/REST/v1/Imagery/Map/Aerial/37.798990,-122.405630/17?mapSize=150112,&key=AmdvKO2hNoyLePakiVzRBZiGPKCxV6MtwWneohoPfmXclTaRTzvT6_Ict5-PBHO6",55,9th,St,,San Francisco,CA,94103,4185,2
http://photos2.zillowstatic.com/p_g/ISpdr7n4zbe8zw0000000000.jpg,855,Folsom,St,# LOFT,San Francisco,CA,94107,4250,1
http://photos2.zillowstatic.com/p_g/IShfv53nft3kai1000000000.jpg,1440,Broa,way,,San Francisco,CA,94109,3500,1
http://photos1.zillowstatic.com/p_g/IS9ptcswo7n6zh0000000000.jpg,2827,Folsom,St,,San Francisco,CA,94110,5400,3
http://photos1.zillowstatic.com/p_g/ISpt7n64a6ztpo0000000000.jpg,44,Ashton,Ave,,San Francisco,CA,94112,4250,3
http://photos2.zillowstatic.com/p_g/ISd0hlcmtny74p1000000000.jpg,1,Baker,St,,San Francisco,CA,94117,4200,2
http://photos3.zillowstatic.com/p_g/IS91f56bx1ey3g1000000000.jpg,529,Stevenson,St,,San Francisco,CA,94103,2100,1
http://photos3.zillowstatic.com/p_g/ISlykd20x84l411000000000.jpg,615,Tennessee,St,APT 101,San Francisco,CA,94107,4500,2
http://photos1.zillowstatic.com/p_g/ISph66zpdjeqov0000000000.jpg,999,Green,St,APT 1901,San Francisco,CA,94133,7600,2
http://photos2.zillowstatic.com/p_g/IS5qbsbufzy1i61000000000.jpg,950,Harrison,St,,San Francisco,CA,94107,3695,1
http://photos2.zillowstatic.com/p_g/ISpp4e6mh2hjn20000000000.jpg,107,Knockash,Hl,,San Francisco,CA,94127,8995,5
http://photos3.zillowstatic.com/p_g/IStgct59zalge40000000000.jpg,1998,Broadway,Ave,APT 1101,San Francisco,CA,94109,4500,2
http://photos2.zillowstatic.com/p_g/IShjqkuvgy9omw1000000000.jpg,9,Princeton,St,# HOUSE,San Francisco,CA,94134,3985,3
http://photos2.zillowstatic.com/p_g/IS5qzexon3n1vv0000000000.jpg,981A,Pacific,Ave,,San Francisco,CA,94133,3800,2
http://photos2.zillowstatic.com/p_g/ISp9goiwfsb1000000000.jpg,2040,Franklin,St,,San Francisco,CA,94109,4675,2
http://photos3.zillowstatic.com/p_g/ISxng83xrx1y381000000000.jpg,3848,26th,St,,San Francisco,CA,94131,4950,2
"http://dev.virtualearth.net/REST/v1/Imagery/Map/Aerial/37.755451,-122.491610/17?mapSize=150112,&key=AmdvKO2hNoyLePakiVzRBZiGPKCxV6MtwWneohoPfmXclTaRTzvT6_Ict5-PBHO6",,Anza,St,,San Francisco,CA,94121,2450,1
http://photos2.zillowstatic.com/p_g/ISdo72u7xqf6nn1000000000.jpg,325,Berry,St,APT 710,San Francisco,CA,94158,5000,1
http://photos2.zillowstatic.com/p_g/ISp9stp8b34y8v0000000000.jpg,1732,Washington,St,APT 6,San Francisco,CA,94109,2950,1
http://photos2.zillowstatic.com/p_g/ISt8iwxu2nyjkf1000000000.jpg,934A,Broadway,Ave,# 934A,San Francisco,CA,94133,3885,2
"http://dev.virtualearth.net/REST/v1/Imagery/Map/Aerial/37.725650,-122.462525/17?mapSize=150112,&key=AmdvKO2hNoyLePakiVzRBZiGPKCxV6MtwWneohoPfmXclTaRTzvT6_Ict5-PBHO6",2151,Greenwich,St,,San Francisco,CA,94123,4200,2
"http://dev.virtualearth.net/REST/v1/Imagery/Map/Aerial/37.742772,-122.482147/17?mapSize=150112,&key=AmdvKO2hNoyLePakiVzRBZiGPKCxV6MtwWneohoPfmXclTaRTzvT6_Ict5-PBHO6",,Jessie,St,,San Francisco,CA,94105,4400,Studio
http://photos2.zillowstatic.com/p_g/ISt0kc5a8kjz2m0000000000.jpg,25,Sierra,St,APT E210,San Francisco,CA,94107,4500,2
http://photos2.zillowstatic.com/p_g/ISdk4h4utb0dfj1000000000.jpg,3741,Buchanan,St,,San Francisco,CA,94123,8364,2
http://photos2.zillowstatic.com/p_g/IS5ypo0how8ekc0000000000.jpg,2040,Laguna,St,,San Francisco,CA,94115,3350,1
http://photos1.zillowstatic.com/p_g/ISpd39cqda7c880000000000.jpg,8,Keystone,Way,APT 3A,San Francisco,CA,94127,3200,2
http://photos3.zillowstatic.com/p_g/ISluxg23kes2421000000000.jpg,855,Folsom,St,APT 921,San Francisco,CA,94107,5000,2
http://photos1.zillowstatic.com/p_g/ISl6nw8ahvvsr51000000000.jpg,150,Cook,St,# 3,San Francisco,CA,94118,6350,4
"http://dev.virtualearth.net/REST/v1/Imagery/Map/Aerial/37.787330,-122.438570/17?mapSize=150112,&key=AmdvKO2hNoyLePakiVzRBZiGPKCxV6MtwWneohoPfmXclTaRTzvT6_Ict5-PBHO6",2619,Divisadero,St,,San Francisco,CA,94123,10495,5
http://photos3.zillowstatic.com/p_g/ISxn4vorrnhrcm0000000000.jpg,66,Cleary,Ct,,San Francisco,CA,94109,5800,3
http://photos1.zillowstatic.com/p_g/IS1rdvu6bpngp41000000000.jpg,407,Sanchez,St,# 3RD,San Francisco,CA,94114,3595,1
http://photos1.zillowstatic.com/p_g/ISpd3d794xdri10000000000.jpg,2139,Green,St,,San Francisco,CA,94123,11500,2
http://photos1.zillowstatic.com/p_g/ISxrfajnqzy67b1000000000.jpg,267,Chenery,St,,San Francisco,CA,94131,4500,3
http://photos2.zillowstatic.com/p_g/ISdwxbxfqkhn980000000000.jpg,4096,17th,St,APT 309,San Francisco,CA,94114,4600,2
http://photos1.zillowstatic.com/p_g/ISx70tn0250org1000000000.jpg,88,King,Street,# FL 11TH,San Francisco,CA,94107,6000,2
http://photos3.zillowstatic.com/p_g/ISlq61tuv3fte30000000000.jpg,1445,Eddy,St,APT 4,San Francisco,CA,94115,2500,1
http://photos1.zillowstatic.com/p_g/ISp5dbytfg6a191000000000.jpg,188,Minna,St,,San Francisco,CA,94105,15000,3
http://photos3.zillowstatic.com/p_g/ISt8ygssqlhs6t1000000000.jpg,1822,20th,Ave,,San Francisco,CA,94122,4500,3
http://photos2.zillowstatic.com/p_g/IS4thozsku01000000000.jpg,840,Waller,St,APT 7,San Francisco,CA,94117,3750,1
"http://dev.virtualearth.net/REST/v1/Imagery/Map/Aerial/37.803845,-122.405780/17?mapSize=150112,&key=AmdvKO2hNoyLePakiVzRBZiGPKCxV6MtwWneohoPfmXclTaRTzvT6_Ict5-PBHO6",,34th,Ave,,San Francisco,CA,94122,4795,
http://photos3.zillowstatic.com/p_g/ISt4zqd7mpx7bm0000000000.jpg,301,24th,Ave,,San Francisco,CA,94121,3400,2
http://photos2.zillowstatic.com/p_g/IStstub8o6sqy50000000000.jpg,2313,Webster,St,APT 5,San Francisco,CA,94115,4300,2
http://photos2.zillowstatic.com/p_g/IShz6kluzcemdc0000000000.jpg,2504,Sacramento,St,APT 5,San Francisco,CA,94115,3495,1
http://photos3.zillowstatic.com/p_g/IS95mt8g2uigqr0000000000.jpg,1233,Howard,St,APT 2I,San Francisco,CA,94103,4600,1
http://photos2.zillowstatic.com/p_g/IShv7600tz0z9b0000000000.jpg,1,Daniel Burnham,Ct,,San Francisco,CA,94109,2900,Studio
http://photos3.zillowstatic.com/p_g/ISh3mitcht25oe1000000000.jpg,355,Serrano,Dr,# 10,San Francisco,CA,94132,2970,1
http://photos2.zillowstatic.com/p_g/IShr8c2xijfo0c1000000000.jpg,801,Minnesota,St,STE 8,San Francisco,CA,94107,3400,1
http://photos2.zillowstatic.com/p_g/IS5e2l2fe9vtgr1000000000.jpg,390,Guerrero,St,,San Francisco,CA,94103,4300,2
"http://dev.virtualearth.net/REST/v1/Imagery/Map/Aerial/37.750600,-122.402210/17?mapSize=150112,&key=AmdvKO2hNoyLePakiVzRBZiGPKCxV6MtwWneohoPfmXclTaRTzvT6_Ict5-PBHO6",660, King,St,,San Francisco,CA,94107,3450,1
http://photos3.zillowstatic.com/p_g/ISh7hh8haejirm1000000000.jpg,440,Linden,St,,San Francisco,CA,94102,5900,2
http://photos1.zillowstatic.com/p_g/ISxrrrkdds6sif1000000000.jpg,400,Lansdale,Ave,,San Francisco,CA,94127,5775,4
http://photos2.zillowstatic.com/p_g/ISd0hxpc8n3fqg1000000000.jpg,2245,Larkin,St,APT 10,San Francisco,CA,94109,2895,Studio
http://photos2.zillowstatic.com/p_g/IS5a7u9t4k62ej0000000000.jpg,411,Pierce,St,,San Francisco,CA,94117,3295,1
http://photos1.zillowstatic.com/p_g/ISlqasc7972aho1000000000.jpg,285,Texas,St,,San Francisco,CA,94107,4600,2
http://photos1.zillowstatic.com/p_g/ISdon6oa0j7vr21000000000.jpg,174,22nd,Ave,,San Francisco,CA,94121,3250,2
http://photos3.zillowstatic.com/p_g/ISl2gc5bvo537s0000000000.jpg,2800,Van Ness,Ave,,San Francisco,CA,94109,7500,2
http://photos3.zillowstatic.com/p_g/IS9x3idvhommgs1000000000.jpg,2195,Green,St,APT 3,San Francisco,CA,94123,5400,2
http://photos3.zillowstatic.com/p_g/ISlepvf31ge0vz0000000000.jpg,520,6th,St,APT 11,San Francisco,CA,94103,3900,1
http://photos3.zillowstatic.com/p_g/ISx7wt9ff2iztw1000000000.jpg,1,Hawthorne,St,,San Francisco,CA,94105,7500,1
http://photos1.zillowstatic.com/p_g/ISlyw2e371j57c0000000000.jpg,700,Presidio,Ave,APT 404,San Francisco,CA,94115,3350,1
"http://dev.virtualearth.net/REST/v1/Imagery/Map/Aerial/37.804720,-122.409420/17?mapSize=150112,&key=AmdvKO2hNoyLePakiVzRBZiGPKCxV6MtwWneohoPfmXclTaRTzvT6_Ict5-PBHO6",,Hill,St,,San Francisco,CA,94110,4850,2
http://photos3.zillowstatic.com/p_g/ISledi1i03v6f00000000000.jpg,1478,9th,Avenue,# Top Floor,San Francisco,CA,94122,5600,4
http://photos1.zillowstatic.com/p_g/ISppcc6nji6rm11000000000.jpg,2852,Bryant,St,,San Francisco,CA,94110,11995,6
http://photos3.zillowstatic.com/p_g/ISlulz4oc0ovad0000000000.jpg,1000,Chestnut,St,,San Francisco,CA,94109,3600,1
http://photos1.zillowstatic.com/p_g/IS95eneyglejiz0000000000.jpg,499,33rd,Ave,,San Francisco,CA,94121,3750,1
http://photos2.zillowstatic.com/p_g/IShbo5n39o1mw91000000000.jpg,52,Washburn,St,,San Francisco,CA,94103,7000,2
"http://dev.virtualearth.net/REST/v1/Imagery/Map/Aerial/37.746625,-122.458727/17?mapSize=150112,&key=AmdvKO2hNoyLePakiVzRBZiGPKCxV6MtwWneohoPfmXclTaRTzvT6_Ict5-PBHO6",,Mission,St,,San Francisco,CA,94105,4500,1
http://photos1.zillowstatic.com/p_g/IS1jje7rzns6bq0000000000.jpg,821,Folsom,St,,San Francisco,CA,94107,5000,2
http://photos3.zillowstatic.com/p_g/IS9p13ehu92pih0000000000.jpg,331,Moraga,St,,San Francisco,CA,94122,3750,2
http://photos3.zillowstatic.com/p_g/IS5uam9tit8as80000000000.jpg,57-61,Albion,St,,San Francisco,CA,94103,4900,3
http://photos2.zillowstatic.com/p_g/IShf3s133p51bl1000000000.jpg,1610,Sutter,St,APT 403,San Francisco,CA,94109,3000,1
http://photos2.zillowstatic.com/p_g/IS5ytjnie02qv20000000000.jpg,2360,Pacific,Ave,APT 501,San Francisco,CA,94115,5750,2
http://photos2.zillowstatic.com/p_g/ISd0hlw5iz9pa70000000000.jpg,2539,Polk,St,APT 4,San Francisco,CA,94109,2795,1
http://photos3.zillowstatic.com/p_g/ISx31fqs8is9od0000000000.jpg,153,Parker,Ave,,San Francisco,CA,94118,4995,3
http://photos2.zillowstatic.com/p_g/ISh3a5fjuvgzwg0000000000.jpg,1478,Church,St,,San Francisco,CA,94131,7600,4
http://photos3.zillowstatic.com/p_g/ISxfudyw4k55bu1000000000.jpg,1890,Washington,St,APT 503,San Francisco,CA,94109,3200,1
http://photos2.zillowstatic.com/p_g/IS5eihuq437i6h1000000000.jpg,1243,44th,Ave,,San Francisco,CA,94122,4100,3
http://photos1.zillowstatic.com/p_g/IS-bm3aus52bmn1.jpg,3445,Geary,Blvd,APT 311,San Francisco,CA,94118,3600,2
http://photos1.zillowstatic.com/p_g/ISdonafeclroq91000000000.jpg,148,Divisadero,St,APT A,San Francisco,CA,94117,4250,2
http://photos3.zillowstatic.com/p_g/ISxbbwotlg97311000000000.jpg,1,Baker,St,APT 5C,San Francisco,CA,94117,4000,2
http://photos1.zillowstatic.com/p_g/ISp9sttbwepx2i1000000000.jpg,1901,Pacific,Ave,,San Francisco,CA,94109,3000,1
"http://dev.virtualearth.net/REST/v1/Imagery/Map/Aerial/37.781543,-122.442107/17?mapSize=150112,&key=AmdvKO2hNoyLePakiVzRBZiGPKCxV6MtwWneohoPfmXclTaRTzvT6_Ict5-PBHO6",333,Beale,St,,San Francisco,CA,94105,4250,1
http://photos2.zillowstatic.com/p_g/ISd0pb2yedy9my0000000000.jpg,535,Missouri,Street,# FL ,San Francisco,CA,94107,12000,3
http://photos2.zillowstatic.com/p_g/IS5uyw5ooyzcvt1000000000.jpg,445,Fulton,St,,San Francisco,CA,94102,5050,2
http://photos3.zillowstatic.com/p_g/ISxb7dfa897lft0000000000.jpg,1635,Gough,St,APT 502,San Francisco,CA,94109,3195,1
http://photos2.zillowstatic.com/p_g/IStc9cz04kt2oh1000000000.jpg,412,Green,St,APT A,San Francisco,CA,94133,2550,Studio
http://photos3.zillowstatic.com/p_g/ISh7hpqkjo6j1x0000000000.jpg,366,Cumberland,St,,San Francisco,CA,94114,5900,3
http://photos1.zillowstatic.com/p_g/IS9xvfuo722huc1000000000.jpg,123,S Lake Merced,Hls,,San Francisco,CA,94132,3800,3
http://photos2.zillowstatic.com/p_g/IShnl705yxb3gk0000000000.jpg,400,Spear,St,APT 203,San Francisco,CA,94105,3995,1
http://photos3.zillowstatic.com/p_g/IS9h3jx9ahk4611000000000.jpg,4544,Fulton,St,,San Francisco,CA,94121,4650,2
http://photos1.zillowstatic.com/p_g/ISxn08gmuvoesx1000000000.jpg,2414,Jones,Street,# FL 2ND,San Francisco,CA,94133,3495,1
http://photos1.zillowstatic.com/p_g/ISl67870gxz1v80000000000.jpg,400,Monterey,Blvd,APT 4,San Francisco,CA,94127,3200,2
"http://dev.virtualearth.net/REST/v1/Imagery/Map/Aerial/37.749078,-122.450109/17?mapSize=150112,&key=AmdvKO2hNoyLePakiVzRBZiGPKCxV6MtwWneohoPfmXclTaRTzvT6_Ict5-PBHO6",300,Holyoke,St,,San Francisco,CA,94134,4250,3
http://photos2.zillowstatic.com/p_g/IS5a7utwcownt00000000000.jpg,579,Geary,St,UNIT 2,San Francisco,CA,94102,5995,2
"http://dev.virtualearth.net/REST/v1/Imagery/Map/Aerial/37.790821,-122.410987/17?mapSize=150112,&key=AmdvKO2hNoyLePakiVzRBZiGPKCxV6MtwWneohoPfmXclTaRTzvT6_Ict5-PBHO6",,Louisburg,St,,San Francisco,CA,94112,3800,3
"http://dev.virtualearth.net/REST/v1/Imagery/Map/Aerial/37.791155,-122.395826/17?mapSize=150112,&key=AmdvKO2hNoyLePakiVzRBZiGPKCxV6MtwWneohoPfmXclTaRTzvT6_Ict5-PBHO6",1565,Washington,St,,San Francisco,CA,94109,3145,1
http://photos2.zillowstatic.com/p_g/ISp9wkt413h7010000000000.jpg,2755,38th,Ave,,San Francisco,CA,94116,3525,2
http://photos3.zillowstatic.com/p_g/ISxn08k9fcti541000000000.jpg,42,States,St,,San Francisco,CA,94114,9000,3
http://photos2.zillowstatic.com/p_g/ISpx6lzxsmpkm50000000000.jpg,69,Jersey,St,,San Francisco,CA,94114,5400,2
http://photos2.zillowstatic.com/p_g/ISptby99ufjb920000000000.jpg,2933,Yorba,St,,San Francisco,CA,94116,4400,3
"http://dev.virtualearth.net/REST/v1/Imagery/Map/Aerial/37.781730,-122.422248/17?mapSize=150112,&key=AmdvKO2hNoyLePakiVzRBZiGPKCxV6MtwWneohoPfmXclTaRTzvT6_Ict5-PBHO6",451,Kansas,St,UNIT 376,San Francisco,CA,94107,4275,2
http://photos3.zillowstatic.com/p_g/ISlikafqa3m5r41000000000.jpg,1877,8th,Ave,,San Francisco,CA,94122,3700,2
http://photos1.zillowstatic.com/p_g/ISl6zdu38hysi81000000000.jpg,667,Ofarrell,St,APT 4,San Francisco,CA,94109,1895,Studio
http://photos2.zillowstatic.com/p_g/IStkrn63qjrjy90000000000.jpg,1619,10th,Ave,,San Francisco,CA,94122,3900,3
http://photos2.zillowstatic.com/p_g/IS5ytvkcttnudx1000000000.jpg,525,Hyde,St,APT 3,San Francisco,CA,94109,1895,Studio
http://photos1.zillowstatic.com/p_g/ISlqez0yc7k63q0000000000.jpg,1902,Filbert,St,,San Francisco,CA,94123,4200,1
http://photos1.zillowstatic.com/p_g/ISl6r7gakxujki1000000000.jpg,3130,Broderick,St,APT 102,San Francisco,CA,94123,3400,Studio
http://photos1.zillowstatic.com/p_g/ISxbvj4dklslso0000000000.jpg,4336,17th,St,,San Francisco,CA,94114,5990,3
http://photos2.zillowstatic.com/p_g/IStg0csdcv1y3i0000000000.jpg,2109,Jones,St,,San Francisco,CA,94133,5300,2
http://photos2.zillowstatic.com/p_g/IS17eq73i1wtbm1000000000.jpg,5150,Diamond Heights,Blvd,APT 107B,San Francisco,CA,94131,3600,1
http://photos1.zillowstatic.com/p_g/ISx3915h12y1o30000000000.jpg,1771,Sutter,St,,San Francisco,CA,94115,4500,1
"http://dev.virtualearth.net/REST/v1/Imagery/Map/Aerial/37.725070,-122.402500/17?mapSize=150112,&key=AmdvKO2hNoyLePakiVzRBZiGPKCxV6MtwWneohoPfmXclTaRTzvT6_Ict5-PBHO6",,Broderick,St,,San Francisco,CA,94117,7000,3
http://photos3.zillowstatic.com/p_g/IShz6klqgxn3x21000000000.jpg,2672,Great,Hwy,,San Francisco,CA,94116,4200,3
http://photos1.zillowstatic.com/p_g/IS1zb79zzysadh1000000000.jpg,2672,Great,Hwy,,San Francisco,CA,94116,4200,3
http://photos1.zillowstatic.com/p_g/ISpdj1h9n0t7qw1000000000.jpg,240,Lombard,St,,San Francisco,CA,94111,3150,1
http://photos1.zillowstatic.com/p_g/IS1rdrzn4q8u471000000000.jpg,2133,Stockton,St,,San Francisco,CA,94133,2900,1
http://photos2.zillowstatic.com/p_g/IS5em046nbaoqg0000000000.jpg,4001,Ocean,Ave,,San Francisco,CA,94132,3995,3
http://photos2.zillowstatic.com/p_g/IS5eidjfxfhw5e0000000000.jpg,55,1/2 Lucy,St,,San Francisco,CA,94124,2750,2
http://photos2.zillowstatic.com/p_g/IS5itkzezkrjkk1000000000.jpg,149,Mullen,Ave,,San Francisco,CA,94110,7900,4
http://photos2.zillowstatic.com/p_g/IS5i9523ttb1cj0000000000.jpg,2360,Van Ness,Ave,,San Francisco,CA,94109,3495,1
http://photos1.zillowstatic.com/p_g/ISxvqh3mm28h5v1000000000.jpg,2728,Gough,St,,San Francisco,CA,94123,4950,1
http://photos1.zillowstatic.com/p_g/ISd0lwzis2qd8h0000000000.jpg,1838,Broa,way,,San Francisco,CA,94109,7660,3
http://photos1.zillowstatic.com/p_g/ISp1m72kgqbnfi0000000000.jpg,1037,S Van Ness,Ave,,San Francisco,CA,94110,5400,3
http://photos2.zillowstatic.com/p_g/IS5u6fdslnu98g0000000000.jpg,11,Divisadero,St,,San Francisco,CA,94117,4850,2
http://photos1.zillowstatic.com/p_g/ISx35qlb2e43i90000000000.jpg,557,Divisadero,St,,San Francisco,CA,94117,7500,3
http://photos3.zillowstatic.com/p_g/ISh32nz48wnpr21000000000.jpg,267,San Jose,Ave,APT 3,San Francisco,CA,94110,3695,2
http://photos1.zillowstatic.com/p_g/IS95iyxnz9p11e1000000000.jpg,399,Steiner,St,,San Francisco,CA,94117,2300,Studio
http://photos2.zillowstatic.com/p_g/ISdsazodjf1mi90000000000.jpg,695,5th,St,,San Francisco,CA,94107,3995,1
"http://dev.virtualearth.net/REST/v1/Imagery/Map/Aerial/37.754515,-122.402560/17?mapSize=150112,&key=AmdvKO2hNoyLePakiVzRBZiGPKCxV6MtwWneohoPfmXclTaRTzvT6_Ict5-PBHO6",1260,Clay,St,APT 202,San Francisco,CA,94108,3500,1
http://photos1.zillowstatic.com/p_g/IS9tw50icoxegd1000000000.jpg,683,San Jose,Ave,,San Francisco,CA,94110,7500,3
http://photos2.zillowstatic.com/p_g/IShfj42krok3os0000000000.jpg,4069,19th,St,,San Francisco,CA,94114,3400,1
http://photos3.zillowstatic.com/p_g/ISlulfdxlxqhvn1000000000.jpg,195,Bepler,St,,San Francisco,CA,94112,3350,2
http://photos2.zillowstatic.com/p_g/IS5mk0150row6r0000000000.jpg,1902,Filbert,St,,San Francisco,CA,94123,4200,1
http://photos3.zillowstatic.com/p_g/IS9hfk67bu4osg0000000000.jpg,3458,18th,St,,San Francisco,CA,94110,4495,2
http://photos1.zillowstatic.com/p_g/IS1n6vejhr8u7u1000000000.jpg,1,Wilder,St,,San Francisco,CA,94131,4000,3
http://photos2.zillowstatic.com/p_g/IStctb09hrj7ib0000000000.jpg,320,Turk,St,,San Francisco,CA,94102,2095,Studio
http://photos3.zillowstatic.com/p_g/IStwo1dzn1859m0000000000.jpg,2467,Pacific,Ave,,San Francisco,CA,94115,10495,4
"http://dev.virtualearth.net/REST/v1/Imagery/Map/Aerial/37.755260,-122.421420/17?mapSize=150112,&key=AmdvKO2hNoyLePakiVzRBZiGPKCxV6MtwWneohoPfmXclTaRTzvT6_Ict5-PBHO6",,Baker,St,,San Francisco,CA,94115,4495,1
http://photos1.zillowstatic.com/p_g/IS91fxzgn8o01v0000000000.jpg,200,Portola,Dr,,San Francisco,CA,94131,4000,2
"http://dev.virtualearth.net/REST/v1/Imagery/Map/Aerial/37.748011,-122.445000/17?mapSize=150112,&key=AmdvKO2hNoyLePakiVzRBZiGPKCxV6MtwWneohoPfmXclTaRTzvT6_Ict5-PBHO6",77,Van Ness,Ave,APT 802,San Francisco,CA,94102,4000,Studio
http://photos2.zillowstatic.com/p_g/IShvr1agz4obuu0000000000.jpg,4990,Mission,St,# 2,San Francisco,CA,94112,3600,4
"http://dev.virtualearth.net/REST/v1/Imagery/Map/Aerial/37.750800,-122.413100/17?mapSize=150112,&key=AmdvKO2hNoyLePakiVzRBZiGPKCxV6MtwWneohoPfmXclTaRTzvT6_Ict5-PBHO6",,Mission,St,,San Francisco,CA,94110,3995,1
http://photos3.zillowstatic.com/p_g/IS5ab9s8aibzl61000000000.jpg,246,2nd,St,APT 505,San Francisco,CA,94105,3395,1
http://photos1.zillowstatic.com/p_g/IS1zfmjkk8t4rb1000000000.jpg,285,Paris,St,# A,San Francisco,CA,94112,2750,2
http://photos2.zillowstatic.com/p_g/IShz6wednipjuh0000000000.jpg,10,Harbor Rd,,,San Francisco,CA,94124,900,1
http://photos3.zillowstatic.com/p_g/IS9ptkiabrfvl51000000000.jpg,4001,Ocean,Ave,,San Francisco,CA,94132,3995,3
http://photos3.zillowstatic.com/p_g/ISlulrmwcx9ul10000000000.jpg,929,Oak,St,,San Francisco,CA,94117,2995,1
http://photos3.zillowstatic.com/p_g/IS9phr7xm2ejv91000000000.jpg,2539,Lombard,St,,San Francisco,CA,94123,5995,3
http://photos3.zillowstatic.com/p_g/IS99tt0df2ebtm0000000000.jpg,76,Collins,St,,San Francisco,CA,94118,10550,3
http://photos2.zillowstatic.com/p_g/IS1f0973ohmrju1000000000.jpg,201,Telegraph Hill,Blvd,,San Francisco,CA,94133,4600,2
"http://dev.virtualearth.net/REST/v1/Imagery/Map/Aerial/37.803845,-122.405780/17?mapSize=150112,&key=AmdvKO2hNoyLePakiVzRBZiGPKCxV6MtwWneohoPfmXclTaRTzvT6_Ict5-PBHO6",,Haight,St,,San Francisco,CA,94102,3750,2
"http://dev.virtualearth.net/REST/v1/Imagery/Map/Aerial/37.796298,-122.411726/17?mapSize=150112,&key=AmdvKO2hNoyLePakiVzRBZiGPKCxV6MtwWneohoPfmXclTaRTzvT6_Ict5-PBHO6",9,Princeton,St,# HOUSE,San Francisco,CA,94134,3985,3
http://photos1.zillowstatic.com/p_g/IS95yyc0h8trfh0000000000.jpg,420,Mission Bay,Blvd N,UNIT 706,San Francisco,CA,94158,3995,1
http://photos2.zillowstatic.com/p_g/IShn5b0rg7o9980000000000.jpg,1501,Filbert,St,APT 1B,San Francisco,CA,94123,13500,3
http://photos3.zillowstatic.com/p_g/IStgwkkyks67761000000000.jpg,300,Holyoke,St,,San Francisco,CA,94134,4250,3
http://photos2.zillowstatic.com/p_g/ISp1uly87cn8a70000000000.jpg,408,Font,Blvd,,San Francisco,CA,94132,3625,2
"http://dev.virtualearth.net/REST/v1/Imagery/Map/Aerial/37.798610,-122.427013/17?mapSize=150112,&key=AmdvKO2hNoyLePakiVzRBZiGPKCxV6MtwWneohoPfmXclTaRTzvT6_Ict5-PBHO6",,10th,Ave,,San Francisco,CA,94118,8300,3
"http://dev.virtualearth.net/REST/v1/Imagery/Map/Aerial/37.725650,-122.462525/17?mapSize=150112,&key=AmdvKO2hNoyLePakiVzRBZiGPKCxV6MtwWneohoPfmXclTaRTzvT6_Ict5-PBHO6",587,Burnett,Ave,APT 5,San Francisco,CA,94131,3199,1
http://photos1.zillowstatic.com/p_g/ISxz1xh16teruo0000000000.jpg,400,Lansdale,Ave,,San Francisco,CA,94127,5775,4
http://photos3.zillowstatic.com/p_g/ISliwnhau054gd0000000000.jpg,1408,Post,St,,San Francisco,CA,94109,8100,3
http://photos3.zillowstatic.com/p_g/IS5ip1u2mrov0b1000000000.jpg,3637,18th,St,APT 1,San Francisco,CA,94110,6200,3
http://photos2.zillowstatic.com/p_g/ISp1u1fc5b6mm90000000000.jpg,242,Moscow,St,,San Francisco,CA,94112,4450,3
http://photos3.zillowstatic.com/p_g/ISxrz98uqgdz991000000000.jpg,2971,Washington,St,,San Francisco,CA,94115,7900,3
http://photos3.zillowstatic.com/p_g/ISh3yvv0k4kb101000000000.jpg,653,Minna,St,,San Francisco,CA,94103,6695,4
http://photos2.zillowstatic.com/p_g/IStsx1grs23uso0000000000.jpg,59,Albion,St,,San Francisco,CA,94103,4900,3
http://photos3.zillowstatic.com/p_g/ISxvyjmcg1bf530000000000.jpg,1700,California,St,,San Francisco,CA,94109,4995,2
http://photos2.zillowstatic.com/p_g/ISdcen1h544szm0000000000.jpg,3822,19th,St,APT 5,San Francisco,CA,94114,4595,2
http://photos2.zillowstatic.com/p_g/ISphmybnrmsxfx0000000000.jpg,3355,Folsom,St,,San Francisco,CA,94110,4295,2
http://photos1.zillowstatic.com/p_g/ISds21dvnrpnhg1000000000.jpg,1533,15th,St,,San Francisco,CA,94103,3500,2
http://photos3.zillowstatic.com/p_g/ISxzd6x0z61cnt1000000000.jpg,1448,Sacramento,St,,San Francisco,CA,94109,6000,3
http://photos2.zillowstatic.com/p_g/ISpx6t9vv1xo170000000000.jpg,601,4th,St,UNIT 220,San Francisco,CA,94107,9000,1
"http://dev.virtualearth.net/REST/v1/Imagery/Map/Aerial/37.731220,-122.377200/17?mapSize=150112,&key=AmdvKO2hNoyLePakiVzRBZiGPKCxV6MtwWneohoPfmXclTaRTzvT6_Ict5-PBHO6",2289,46th,Ave,,San Francisco,CA,94116,4300,3
http://photos2.zillowstatic.com/p_g/ISp1icv6gp3zjo1000000000.jpg,100,Font,Blvd,APT 7D,San Francisco,CA,94132,2815,1
"http://dev.virtualearth.net/REST/v1/Imagery/Map/Aerial/37.759436,-122.432716/17?mapSize=150112,&key=AmdvKO2hNoyLePakiVzRBZiGPKCxV6MtwWneohoPfmXclTaRTzvT6_Ict5-PBHO6",379,Raymond,Ave,,San Francisco,CA,94134,1795,1
"http://dev.virtualearth.net/REST/v1/Imagery/Map/Aerial/37.784828,-122.443176/17?mapSize=150112,&key=AmdvKO2hNoyLePakiVzRBZiGPKCxV6MtwWneohoPfmXclTaRTzvT6_Ict5-PBHO6",145,Gardenside,Dr,APT 9,San Francisco,CA,94131,3995,2
http://photos3.zillowstatic.com/p_g/IS9l2tbcr8t9ud1000000000.jpg,165,States,St,,San Francisco,CA,94114,5565,2
http://photos2.zillowstatic.com/p_g/IS15euzoye86v1f.jpg,2733,Folsom,St,,San Francisco,CA,94110,9500,3
http://photos3.zillowstatic.com/p_g/IS9tof24gsf0lx1000000000.jpg,1086,Post,St,APT 315,San Francisco,CA,94109,2150,Studio
http://photos2.zillowstatic.com/p_g/ISdwp1sefzr5i71000000000.jpg,579,24th,Ave,APT 3,San Francisco,CA,94121,3250,2
http://photos2.zillowstatic.com/p_g/IShnttqqo9mxnu0000000000.jpg,444,Francisco,St,APT 104,San Francisco,CA,94133,3950,1
"http://dev.virtualearth.net/REST/v1/Imagery/Map/Aerial/37.784920,-122.450100/17?mapSize=150112,&key=AmdvKO2hNoyLePakiVzRBZiGPKCxV6MtwWneohoPfmXclTaRTzvT6_Ict5-PBHO6",,Ellsworth,St,,San Francisco,CA,94110,3700,1
http://photos1.zillowstatic.com/p_g/ISxnchj4i2qxkp0000000000.jpg,3938,20th,St,,San Francisco,CA,94114,7000,2
http://photos3.zillowstatic.com/p_g/ISlmby628k7xy60000000000.jpg,181,Marina,Blvd,,San Francisco,CA,94123,18000,4
http://photos3.zillowstatic.com/p_g/IS5ihnh1vuqgyr0000000000.jpg,101,Crescent,Way,APT 2216,San Francisco,CA,94134,3200,2
http://photos3.zillowstatic.com/p_g/ISlmz44fpblxef1000000000.jpg,111,Chestnut,St,,San Francisco,CA,94111,5100,3
http://photos2.zillowstatic.com/p_g/IS1zj1m7dhmzq11000000000.jpg,1,Baker,St,APT 5B,San Francisco,CA,94117,4200,2
"http://dev.virtualearth.net/REST/v1/Imagery/Map/Aerial/37.796450,-122.398210/17?mapSize=150112,&key=AmdvKO2hNoyLePakiVzRBZiGPKCxV6MtwWneohoPfmXclTaRTzvT6_Ict5-PBHO6",,Portola,Dr,,San Francisco,CA,94131,4000,2
http://photos1.zillowstatic.com/p_g/ISpl1xva5h27t50000000000.jpg,701,Minna,St,,San Francisco,CA,94103,5250,2
http://photos3.zillowstatic.com/p_g/ISx3twqyo46x021000000000.jpg,878,Greenwich,St,,San Francisco,CA,94133,3800,2
http://photos2.zillowstatic.com/p_g/IS1nig3a3hd21p1000000000.jpg,1651,Larkin,St,,San Francisco,CA,94109,2375,Studio
http://photos3.zillowstatic.com/p_g/ISxvivwb6wi51f1000000000.jpg,655,Powell,St,APT 702,San Francisco,CA,94108,2495,Studio
http://photos3.zillowstatic.com/p_g/IShfzo442qci4e1000000000.jpg,2378-2380,22ND,Ave,,San Francisco,CA,94116,3800,3
"http://dev.virtualearth.net/REST/v1/Imagery/Map/Aerial/37.789994,-122.399352/17?mapSize=150112,&key=AmdvKO2hNoyLePakiVzRBZiGPKCxV6MtwWneohoPfmXclTaRTzvT6_Ict5-PBHO6",,Guerrero,St,,San Francisco,CA,94110,9950,3
http://photos3.zillowstatic.com/p_g/ISxf2kj3eca1000000000.jpg,239,8th,St,APT 11,San Francisco,CA,94103,6000,1
http://photos1.zillowstatic.com/p_g/ISxfmbzh9zbhbi1000000000.jpg,3232,Gough,St,APT 3,San Francisco,CA,94123,2800,Studio
"http://dev.virtualearth.net/REST/v1/Imagery/Map/Aerial/37.786420,-122.393503/17?mapSize=150112,&key=AmdvKO2hNoyLePakiVzRBZiGPKCxV6MtwWneohoPfmXclTaRTzvT6_Ict5-PBHO6",240,Portola,Dr,,San Francisco,CA,94131,4900,2
"http://dev.virtualearth.net/REST/v1/Imagery/Map/Aerial/37.777500,-122.430900/17?mapSize=150112,&key=AmdvKO2hNoyLePakiVzRBZiGPKCxV6MtwWneohoPfmXclTaRTzvT6_Ict5-PBHO6",,Dolores,St,,San Francisco,CA,94110,4000,1
"http://dev.virtualearth.net/REST/v1/Imagery/Map/Aerial/37.783520,-122.415898/17?mapSize=150112,&key=AmdvKO2hNoyLePakiVzRBZiGPKCxV6MtwWneohoPfmXclTaRTzvT6_Ict5-PBHO6",601,Van Ness,Ave,,San Francisco,CA,94102,4135,1
http://photos3.zillowstatic.com/p_g/IS5mojen3rs1gw1000000000.jpg,3700,Divisadero,St,APT 302,San Francisco,CA,94123,5500,2
http://photos1.zillowstatic.com/p_g/IS1nuh0i85o54s1000000000.jpg,75,Magellan,Ave,,San Francisco,CA,94116,9500,4
http://photos3.zillowstatic.com/p_g/ISt0sa1c4pmwyo1000000000.jpg,4324,Cesar Chavez,St,,San Francisco,CA,94131,4995,2
http://photos2.zillowstatic.com/p_g/IShbky2063vaez0000000000.jpg,2450,Union,St,APT 104,San Francisco,CA,94123,4695,1
http://photos3.zillowstatic.com/p_g/IS5ey9zlfs33a70000000000.jpg,1887,24th,Ave,,San Francisco,CA,94122,3800,2
http://photos2.zillowstatic.com/p_g/IS5yp4lnn9rwb10000000000.jpg,3923,California,St,# 1,San Francisco,CA,94118,4390,2
http://photos3.zillowstatic.com/p_g/ISh7ls7zdechpa0000000000.jpg,1050,17th,St,APT 202,San Francisco,CA,94107,3600,1
http://photos3.zillowstatic.com/p_g/IS91nfn5zwvxwu0000000000.jpg,1414,Kansas,St,,San Francisco,CA,94107,2695,1
http://photos2.zillowstatic.com/p_g/ISt0kw4vnc32bj0000000000.jpg,250,King,St,,San Francisco,CA,94107,3700,1
http://photos3.zillowstatic.com/p_g/ISl6fuhdt2j4i30000000000.jpg,4319,Cesar Chavez,St,,San Francisco,CA,94131,4290,2
http://photos2.zillowstatic.com/p_g/IStg0csdcv1y3i0000000000.jpg,3445,Divisadero,St,# A,San Francisco,CA,94123,2350,Studio
http://photos1.zillowstatic.com/p_g/ISp98uk1kgqra71000000000.jpg,242,Moscow,St,,San Francisco,CA,94112,4450,3
http://photos2.zillowstatic.com/p_g/ISplx1d0vgy4w30000000000.jpg,6,Skyview,Way,,San Francisco,CA,94131,4500,3
http://photos3.zillowstatic.com/p_g/IShvne5ub43ft51000000000.jpg,340,6th,St,UNIT 303,San Francisco,CA,94103,5950,2
http://photos3.zillowstatic.com/p_g/IShb0j9bg1zjd20000000000.jpg,332,Russia,Ave,,San Francisco,CA,94112,3150,2
http://photos2.zillowstatic.com/p_g/IS17ypsimamm4i1000000000.jpg,1366,Turk,St,# FILLMORE,San Francisco,CA,94115,4650,2
http://photos2.zillowstatic.com/p_g/IS5idsiy3eowa10000000000.jpg,340,6th,St,,San Francisco,CA,94103,5950,2
http://photos3.zillowstatic.com/p_g/ISxn4bpilmqg8f1000000000.jpg,40,States,St,,San Francisco,CA,94114,5800,2
"http://dev.virtualearth.net/REST/v1/Imagery/Map/Aerial/37.753358,-122.437580/17?mapSize=150112,&key=AmdvKO2hNoyLePakiVzRBZiGPKCxV6MtwWneohoPfmXclTaRTzvT6_Ict5-PBHO6",205,2nd,Ave,APT 4,San Francisco,CA,94118,4195,2
http://photos2.zillowstatic.com/p_g/IS5aj3t3hh037x0000000000.jpg,3741,Buchanan,St,,San Francisco,CA,94123,8364,2
http://photos3.zillowstatic.com/p_g/ISl2kzla1o9ri91000000000.jpg,1483,Sutter,St,APT 505,San Francisco,CA,94109,4300,2
http://photos2.zillowstatic.com/p_g/ISdseuzt44n88x0000000000.jpg,200,Dellbrook,Ave,,San Francisco,CA,94131,4600,3
http://photos1.zillowstatic.com/p_g/IS9dcjsbt5b4bb1000000000.jpg,1959,Ofarrell,St,,San Francisco,CA,94115,2950,1
http://photos3.zillowstatic.com/p_g/IShz6kp9i683ru0000000000.jpg,265,N Point,St,APT 2550,San Francisco,CA,94133,3450,Studio
http://photos3.zillowstatic.com/p_g/IShf3sl6fmek5q0000000000.jpg,160,Orsi,Cir,,San Francisco,CA,94124,3500,3
http://photos3.zillowstatic.com/p_g/ISt863r08vnm0n0000000000.jpg,1990,Green,St,APT 605,San Francisco,CA,94123,7000,2
"http://dev.virtualearth.net/REST/v1/Imagery/Map/Aerial/37.794390,-122.436400/17?mapSize=150112,&key=AmdvKO2hNoyLePakiVzRBZiGPKCxV6MtwWneohoPfmXclTaRTzvT6_Ict5-PBHO6",230,Dolores,St,,San Francisco,CA,94103,3452,1
http://photos2.zillowstatic.com/p_g/IShbky2063vaez0000000000.jpg,275,Telegraph Hill,Blvd,APT 3,San Francisco,CA,94133,3500,1
http://photos1.zillowstatic.com/p_g/ISlmbm1yj413sm0000000000.jpg,1922,Funston,Ave,,San Francisco,CA,94116,6995,5
http://photos3.zillowstatic.com/p_g/ISlainhcyn4yqa1000000000.jpg,160,Mallorca,Way,APT 3,San Francisco,CA,94123,3575,1
http://photos3.zillowstatic.com/p_g/IShnhc9ke90c581000000000.jpg,377,Hermann,St,,San Francisco,CA,94117,7000,3
"http://dev.virtualearth.net/REST/v1/Imagery/Map/Aerial/37.800700,-122.444710/17?mapSize=150112,&key=AmdvKO2hNoyLePakiVzRBZiGPKCxV6MtwWneohoPfmXclTaRTzvT6_Ict5-PBHO6",299,Laussat,St,,San Francisco,CA,94117,3995,2